,ind,area,ratio_low,ratio_high,ratio_fit_low,ratio_fit_high,slope_low,slope_high,ratio_fit_diff,ratio_fit_ratio,p
279,19,4,0.007169247990317362,0.020261197149223486,0.006727819599679054,0.02037441659602865,-3.491350110976486e-05,-2.16531448040051e-06,0.013646596996349595,3.0283833111400007,0.00013709426192112182
54,61,4,0.014835445461567691,0.04066067754738452,0.014779113632062805,0.04031833804131328,4.5293085665719915e-05,-1.126098161016005e-06,0.025539224409250477,2.728061982948961,0.00019027692313774514
456,33,1,0.015875072863081086,0.052526793227338706,0.015799488421660367,0.05289108785983974,-3.174973396609489e-05,-7.938584793644231e-07,0.03709159943817937,3.347645597646599,0.0001925412650615156
137,83,2,0.027862452884841148,0.060877314528462595,0.027133244108467385,0.06158117343289522,-1.5885735750369756e-05,5.762756928492114e-05,0.034447929324427834,2.269583879712997,0.00019508616089146874
468,56,3,0.010487505552252403,0.033790168169649276,0.010336604769617182,0.03408581300296669,4.2473116656323244e-05,1.9363108388184713e-05,0.023749208233349507,3.297583080970316,0.00020457117629530598
85,82,0,0.0319167908927337,0.06461633470623601,0.03172561719988134,0.06492285876893526,2.4254342077931335e-06,5.756186272766773e-05,0.033197241569053924,2.04638599652454,0.00022328790912994295
243,79,3,0.004339864373265616,0.016428109767819225,0.004553759203776449,0.016303014149092368,3.364705697617398e-05,1.9194421770799936e-05,0.01174925494531592,3.5801221407518034,0.00022899517120129236
402,52,2,0.005666474499360482,0.02136241596640741,0.00563150389408142,0.021233210130027654,4.9415638613032234e-05,2.7669517819600152e-05,0.015601706235946235,3.7704333565929455,0.0002297940737726462
8,34,3,0.030307152176251576,0.09125330418946571,0.030357790391201192,0.09205818970158333,8.617999514851747e-05,8.098871977720814e-05,0.06170039931038214,3.0324403889508766,0.0002463221762388504
174,6,4,0.033682763181652635,0.102361613039165,0.033315435277651205,0.10250799060526897,9.644761432726978e-05,3.7437938824976426e-05,0.06919255532761776,3.0768918295968892,0.0002484394234472056
186,25,1,0.0077147095126887675,0.025684993395064793,0.007474182346860649,0.025638057653484685,3.9630379861705416e-05,2.2413347881837436e-05,0.018163875306624035,3.430215703026477,0.0002516262666437349
277,19,2,0.027929821827212382,0.09641125435157784,0.028403258229701786,0.09607414384575112,0.0001510113685875765,8.639153189401167e-05,0.06767088561604934,3.38250432639748,0.0002588496148811991
71,3,1,0.022783039991238964,0.09759006446450873,0.022137347892655545,0.09707564846967653,0.00022342107239511956,5.202349031901238e-05,0.07493830057702099,4.385152591014893,0.0002597253397785732
444,42,4,0.013848031527082413,0.033202686516443515,0.013544387390059627,0.033849186610730095,-7.382154704892754e-05,1.62021725404917e-05,0.020304799220670466,2.4991301293975376,0.0002631428957792566
199,40,4,0.04071858362620417,0.10383468762710363,0.042390297763155824,0.10327389221847422,0.00015598392074743213,5.488774479401082e-05,0.06088359445531839,2.4362624861823052,0.00029496195429151674
483,46,3,0.013871631082317676,0.040417815247930686,0.014892969248459776,0.039647119850271244,0.00010089318070316211,-3.325320816650877e-06,0.024754150601811468,2.662136689389292,0.00030273547263079945
159,35,4,0.0086752077573018,0.027942029403568838,0.008837485409562418,0.027897912574775807,4.2415715655801275e-05,1.6492780839139533e-05,0.01906042716521339,3.1567704252829034,0.000351527543297332
499,81,4,0.03368903458235762,0.08485557678629466,0.033421524809158165,0.08526288884614741,-2.2441270373565053e-05,7.151202555515526e-05,0.051841364036989246,2.551137009248114,0.00036128927265649443
294,78,4,0.04230007810653614,0.1126818932785019,0.04332620593085804,0.11156310034261445,9.631709999906803e-05,3.612677463312767e-05,0.0682368944117564,2.574956609878372,0.00036310654971889993
146,70,1,0.016973828974127678,0.057354115357241504,0.01701338663775127,0.05770402061278901,7.724928592684696e-05,1.9966750110291736e-05,0.040690633975037735,3.391683375063531,0.00037936324246837824
130,15,0,0.1186853167205494,0.18325055902656417,0.11987233971306849,0.1827972942621971,0.00024202145041085375,-6.135731920343114e-06,0.06292495454912861,1.5249330637889311,0.00040958355880913334
288,68,3,0.03847052140601739,0.09197752440200883,0.03837122447712214,0.0930942260315857,-2.1381628877778263e-05,5.402164071211637e-05,0.05472300155446355,2.4261468665690025,0.0004524371799075013
208,88,3,0.0157327066016914,0.048039293905216524,0.015148933304266901,0.0479460794144091,4.5756032220275134e-05,3.257215330244297e-05,0.0327971461101422,3.164980560110093,0.00046345775600964575
52,61,2,0.056019072264508106,0.12720214577559083,0.05466802493700292,0.12794236947859697,0.000165620602967059,5.743093451385183e-05,0.07327434454159404,2.3403510484608185,0.0005220747361159196
6,34,1,0.07241605408998027,0.17164454930884548,0.07046868356299994,0.1744069340951375,-0.00014175184894887002,0.00010187071256664543,0.10393825053213755,2.4749566087638826,0.0005292701078801037
162,64,2,0.029920953590740658,0.05095718108523559,0.02955410614688401,0.050706612790033107,0.00014675414150611731,2.36028103800724e-05,0.021152506643149098,1.7157214140742767,0.0005374571313274639
412,66,2,0.019409753105232793,0.06227499704788416,0.019655753377862926,0.06231451022204781,9.130395302292299e-05,5.161696929977365e-05,0.04265875684418488,3.170293655201679,0.0005490998038225985
283,39,3,0.03707321980396485,0.06102478398692458,0.035176417375742244,0.062473259213381704,-0.0002228019866219466,2.789726740324248e-05,0.02729684183763946,1.7759983498621845,0.0005584303665586174
452,91,2,0.03464250224514415,0.11143180091891977,0.03400909608953042,0.1124583064120887,-1.0055513794665141e-05,0.0001009105829774582,0.07844921032255828,3.3067125958313426,0.0005610152359466504
228,8,3,0.040656538434994054,0.10934699019090877,0.04002443695998889,0.10962871189871662,9.597490900881246e-05,8.649252641395245e-05,0.06960427493872773,2.7390444494774235,0.0005757812258712318
290,78,0,0.06235815052570297,0.14709828961962487,0.0622043880305451,0.1468932996869149,0.00022394349071047393,5.483639540299114e-05,0.0846889116563698,2.3614620179975696,0.0005954323209844311
353,53,3,0.03687184132746531,0.0947188688229167,0.03629953779753865,0.0949737119956056,1.7220812655980382e-05,4.3830258357077694e-05,0.05867417419806695,2.6163890164476267,0.0006052466023557509
327,16,2,0.042278142440257974,0.09563654346461355,0.04208310979248274,0.09683095746267074,-1.5075776147258773e-05,4.465009706279574e-05,0.054747847670188005,2.30094586498376,0.0006067652211553965
437,85,2,0.04806008242503009,0.13875930107464202,0.04736073767779582,0.13996226428861447,-7.249428536022742e-05,9.381626630803264e-05,0.09260152661081865,2.9552382659409697,0.0006159032364990637
45,41,0,0.032450188984893505,0.09701879590434948,0.03125601159805474,0.09662721095814647,9.070191554787997e-05,6.612065002753234e-05,0.06537119936009173,3.09147603989756,0.0006312720885596639
87,82,2,0.05274435320519386,0.09427218200414854,0.05259052088289602,0.09448506937656159,0.00013313345955114617,2.7749710771302913e-05,0.04189454849366557,1.796617865545631,0.0006377851844002897
109,31,4,0.062476435463787325,0.1733261655918368,0.06050975893498654,0.17489175133509527,-0.0001364144542756442,0.0001034024764646057,0.11438199240010873,2.8903065292823937,0.0006464192640955906
15,96,0,0.0570489643691754,0.09062791647837416,0.05697543883157953,0.09069652825303948,3.716118534257179e-05,5.845080080518751e-05,0.033721089421459946,1.5918530881550579,0.0006598712476552462
124,2,4,0.050095068317806454,0.18032061237562588,0.05028946510295409,0.1805802059535008,0.00033007991343187674,0.00012524273185704208,0.1302907408505467,3.5908158017551317,0.000661184859763307
235,69,0,0.03501489864256271,0.10944002692415074,0.03536816257638918,0.10984364825576055,0.0001479401861326063,6.99985011737586e-05,0.07447548567937137,3.105721085128951,0.0007079559311943987
462,62,2,0.043343892966434226,0.11426549834160853,0.04350438195730518,0.11424007914673272,0.0001447829301580742,2.60081474580644e-05,0.07073569718942754,2.6259441924458766,0.0007282244524353705
103,60,3,0.024195732614225144,0.0730297357959632,0.024659148965701694,0.07276627680069477,9.164318000481873e-05,4.196179797049766e-05,0.048107127834993074,2.9508835402999947,0.0007407009809051745
0,51,0,0.028381941452643025,0.09070640473012496,0.02896733442842734,0.09037783367197377,0.00012883096063306287,5.79492891177435e-05,0.06141049924354643,3.11999137840176,0.0007590372399919466
70,3,0,0.061345075343942505,0.1639603649033955,0.05820023314483005,0.16627937552371994,-0.00014610799464503656,0.00010539840937114788,0.10807914237888988,2.8570224986889183,0.0007883214676421717
463,62,3,0.040149845020929414,0.09425755835170171,0.040224634004106696,0.09473111171723417,-1.919532879808486e-05,7.493795817107145e-05,0.05450647771312747,2.3550521729436413,0.0008078639704849827
477,17,2,0.07049791532906173,0.18774126267418237,0.0695970264976259,0.18831565391452265,0.0001722648097600903,6.698118525963451e-05,0.11871862741689675,2.7058002818690317,0.0008421300349916893
449,13,4,0.0745373205427477,0.21297081225880393,0.07494034761100402,0.2126945735997467,0.0003433497037845315,0.00011026557618190248,0.13775422598874268,2.838185041571855,0.0008591774223623084
447,13,2,0.04390828591470482,0.10665683270265525,0.042728910947773514,0.10715836712419076,-1.6834612556655534e-05,7.095735521285467e-05,0.06442945617641724,2.507865628851804,0.0008671000787651841
251,59,1,0.11442773358001318,0.30750734885883035,0.11398989539319114,0.3069666977398144,0.00044800544019127933,0.00016474347343366246,0.19297680234662323,2.692929023936539,0.0008729714275028691
347,80,2,0.016412951940068986,0.05420685514878851,0.016232966780536658,0.05442986353594456,5.0060322531650684e-05,3.800570533315572e-05,0.038196896755407904,3.3530447189238397,0.0008869579487480436
296,29,1,0.031419604068861004,0.09652907970154721,0.029833132813402566,0.097870017797062,-3.993922085956733e-05,6.53300690010078e-05,0.06803688498365944,3.280581305664747,0.0008917924097671789
401,52,1,0.04572377104175169,0.11574723018665595,0.04499160409641418,0.11571548960549848,0.00010024358837570751,2.2389894839869736e-05,0.07072388550908429,2.5719351850075727,0.0008923221438974329
43,10,3,0.01725361902992077,0.04953782930259583,0.01735026774619414,0.04936567137354709,9.424099782430486e-05,1.3467214344241873e-05,0.032015403627352945,2.84523974475124,0.0009061540049094219
303,90,3,0.05676825145883863,0.1514839669889759,0.054979296042222695,0.15211657656550062,9.894309457995206e-05,6.535948817137988e-05,0.09713728052327793,2.7667974586047626,0.0009366586235696346
396,12,1,0.08368260682153432,0.11153978342174155,0.08216534367779561,0.11219929574215332,-0.0001363970463283714,3.4767465131549393e-05,0.030033952064357702,1.3655306570874124,0.0009719636151980106
138,83,3,0.09962273266875796,0.18346095857144934,0.10098937639977965,0.18176081976637687,0.00040633317926883376,5.017756563219412e-05,0.08077144336659722,1.7998013874930063,0.00101232594739611
271,48,1,0.0751487670495933,0.2029066823996925,0.07423414040884528,0.20289975242658342,0.0002763217827330946,8.974535545463483e-05,0.12866561201773813,2.733240410801701,0.0010285016621000614
424,4,4,0.038194748634160613,0.11938167441144071,0.037584230104238996,0.11937016586027209,9.883935975288596e-05,5.9407122948015296e-05,0.0817859357560331,3.1760705362116424,0.0010343679643645726
134,15,4,0.12498586845271198,0.1625436382858688,0.12672439332158073,0.15948968835605937,0.0005045398124231553,-1.8287038984865076e-05,0.03276529503447864,1.2585555485859157,0.001037948979738528
132,15,2,0.19620774542951722,0.2324303468519679,0.19537395282285666,0.23293563941900647,0.00016060484938741076,6.667770279712463e-05,0.03756168659614981,1.1922553444481239,0.0010495528335840345
59,30,4,0.09309759579580067,0.20359091621083933,0.09240681262604597,0.2030135705280028,0.00023276197134925337,8.343974600977362e-05,0.11060675790195684,2.1969545833115447,0.0010781778645105882
97,71,2,0.021076846713223796,0.05530475360521918,0.021676580246463205,0.05529717063107023,0.00011496624231036505,8.855658512428296e-06,0.033620590384607026,2.5510098918897794,0.0011179984671839296
212,9,2,0.09978932457171726,0.1734933402528464,0.09930182374471092,0.17362183786228108,-4.726032246695443e-06,2.8153433804085735e-05,0.07432001411757017,1.7484254700964508,0.0011185177514733413
136,83,1,0.14758054928974776,0.26501692929656206,0.15128168682218956,0.26261259314328067,0.0004738054961790937,3.258943567890784e-05,0.1113309063210911,1.7359179333579549,0.0011353363266005364
19,96,4,0.20250830221529034,0.26324603866357826,0.20051183498772768,0.26499376132413227,-0.0004034672582747957,2.591110784201001e-05,0.0644819263364046,1.3215866352245553,0.0011371856949387229
161,64,1,0.14656173330309935,0.1868356822566885,0.14605978836398045,0.18894605348672905,-0.00042551716719465177,1.9397670396899707e-05,0.042886265122748596,1.2936213012706563,0.0011387141143999083
262,18,2,0.10303033891619669,0.21419729020533462,0.10363333814644804,0.212775062266777,0.00042229897573502727,6.207828555928588e-05,0.10914172412032896,2.053152644432787,0.0011412031129946984
273,48,3,0.021058731360489316,0.04981712468181712,0.02046220037038796,0.050332756825624846,-3.244048376118258e-05,5.125291443478563e-06,0.029870556455236886,2.45979200254848,0.0011433380401267112
51,61,1,0.1571703377969431,0.27768591527921227,0.15670245012494485,0.27692501805882097,7.167313435674104e-05,6.376089396157984e-05,0.12022256793387612,1.7672028601851348,0.0011466523145880656
377,26,2,0.0701388592556662,0.15409080410883644,0.0709895484669005,0.15281835769404964,0.00038266372084745534,3.2554754740730424e-05,0.08182880922714914,2.152688120918286,0.001170245107357357
266,58,1,0.04470962270441917,0.096981867872929,0.04468232863261556,0.09745163016675093,2.0295151251817004e-05,4.253989560109947e-05,0.05276930153413537,2.1809881702453793,0.0011815121463162317
398,12,3,0.22558523645337855,0.30165733038198217,0.226328526785806,0.29998114679134424,0.00026602863335400506,-6.226734921173591e-06,0.07365262000553824,1.3254234941194223,0.0011916453156540492
371,5,1,0.041094127366311864,0.09769022605912854,0.04053625565426537,0.09818219426169722,3.387053220172176e-06,4.51977723200635e-05,0.05764593860743185,2.4220834578086183,0.0012324909705314668
258,49,3,0.05430631693327576,0.10204401844075255,0.055551724492587565,0.10142240215888014,0.0001347461208346866,4.3277376097214535e-05,0.045870677666292575,1.8257291395591733,0.0012442972988126802
461,62,1,0.10198331912800021,0.21011030307953402,0.10142113359999924,0.21043435926419257,0.00010367956251754011,5.167473656305312e-05,0.10901322566419333,2.0748571012244548,0.0012608784986629631
315,57,0,0.08295096490028259,0.1901441324566246,0.0833377368581839,0.18904800464515126,0.0003655681972765867,5.025178626884743e-05,0.10571026778696736,2.2684561853036023,0.001270312801490504
55,30,0,0.02956038819654613,0.06222922366340394,0.02961753050608819,0.062052780069763586,7.522761542419415e-05,-2.456281406566505e-06,0.0324352495636754,2.0951368668973935,0.0012806416067981507
17,96,2,0.1289264553249851,0.17509798495481854,0.13007345826828234,0.17391833514531815,0.00030490529713899484,1.2011670670796786e-05,0.04384487687703581,1.3370778132661298,0.001303602174933071
395,12,0,0.24182860685055832,0.2995262882305925,0.24248895102361634,0.29872927746450956,0.00020990945205805693,1.6497884800785026e-05,0.05624032644089322,1.2319294392733626,0.0013558597107996059
382,77,2,0.10947962960759211,0.24802622357837126,0.10863884229590726,0.2488078677396759,-1.0982446799615087e-05,0.0001103842581946068,0.14016902544376864,2.290229373597156,0.001359374261246752
30,75,0,0.07854591601709031,0.19434620753451148,0.07761754081414303,0.19411910361556636,0.00027782832412742155,0.00011328655176938379,0.11650156280142333,2.500969517707202,0.0013682566976335258
190,11,0,0.15621224407872816,0.2564851845018325,0.157016992831818,0.25487333295328946,0.0004507813646600011,5.932794527520158e-05,0.09785634012147146,1.6232213364720727,0.0013743451912914706
57,30,2,0.1120042665969106,0.2290482810729353,0.1147650737562343,0.2281649512198691,0.0001596339721293684,7.640510435409998e-05,0.1133998774636348,1.9881044271752986,0.0013836941839433612
388,84,3,0.03184627651488962,0.08180630785735575,0.031187371155805246,0.08241287474631033,4.47234479164837e-06,4.1047409293640337e-05,0.05122550359050508,2.6425079027851925,0.0013873399657681827
365,36,0,0.08134543144943214,0.1850654902033606,0.08074996960969685,0.1851845173209706,0.00021601814882098963,6.211392581441566e-05,0.10443454771127375,2.2933075791366333,0.001401083836333511
459,33,4,0.06796571638119235,0.15721252736807037,0.06855240622096599,0.15638655431315537,0.0003151915192712111,5.41814453989305e-05,0.08783414809218938,2.2812700958894463,0.0014558744503653802
110,93,0,0.11410619596512626,0.18854185803181125,0.1144768942668317,0.18859338166418674,2.7806013317789838e-05,7.364698606196161e-05,0.07411648739735503,1.64743621734355,0.00145763948247638
198,40,3,0.11860437201183004,0.1788554719768139,0.11798738373044868,0.17822330710955295,0.00023607790029062418,4.237367759012898e-05,0.06023592337910427,1.51052851139337,0.0015188690527211152
410,66,0,0.15558382991375777,0.31708005693002106,0.1544452838516507,0.3168191194820984,0.0002467458642754003,6.789234299462594e-05,0.1623738356304477,2.051335667759286,0.0015310925977215341
275,19,0,0.16444568460854872,0.308611287130381,0.16358986033424194,0.3092787824104161,3.856779315936119e-05,7.77551150149888e-05,0.14568892207617418,1.8905742799615264,0.0015472117598562232
257,49,2,0.14347773154428844,0.22293021817798406,0.14179791368144865,0.22369230063600717,3.435332919575165e-05,5.028227735647653e-05,0.08189438695455853,1.577542961164687,0.0015479107060912213
244,79,4,0.06166034617497877,0.12147290936098201,0.06192498382867531,0.12103071201466503,9.0386367921413e-05,3.398118830238478e-05,0.05910572818598972,1.9544730499973084,0.0015633353693658533
129,44,4,0.03575069528756126,0.07672207723712181,0.035751643619743145,0.07726619410310578,-6.217432138613551e-05,2.4012436182616708e-05,0.04151455048336264,2.161192781090407,0.0015665239600170227
232,38,2,0.1011642475082024,0.1849978500642161,0.09971157564147796,0.18468021316776853,0.00010822153979155578,3.905559878602132e-05,0.08496863752629057,1.852144166609131,0.001570924746454656
485,72,0,0.07203683925175748,0.16024835201208845,0.0722357214565033,0.1601300954075535,9.22911085558038e-05,4.2272149793091896e-05,0.0878943739510502,2.2167715941478585,0.0015783340448316736
268,58,3,0.11962064514249861,0.22742499557304527,0.11916133930611758,0.2272469948929919,0.0001936693257934454,6.212716429587737e-05,0.10808565558687433,1.9070530443536677,0.001599798504031788
399,12,4,0.09609918775943987,0.1207990018595996,0.10064229385631801,0.11832520107245437,0.000335529065288661,1.190743698612717e-05,0.017682907216136357,1.1757005582700784,0.0016530006572724229
286,68,1,0.21444418725954778,0.35300923943235984,0.21572273953159654,0.35022399582797187,0.000653196300580279,8.671576761669492e-05,0.13450125629637533,1.6234913231142012,0.0016567288134665533
7,34,2,0.0852340174217496,0.1464907632826191,0.08567038247545271,0.14543669239439594,0.00012469530423546684,1.1772964009280529e-05,0.05976630991894323,1.6976309453978238,0.0016799725466815608
484,46,4,0.16191842524829392,0.22568488289958147,0.16237954940201788,0.22425573287350073,0.00034460742002680417,4.6496758156207136e-05,0.061876183471482854,1.3810589677046727,0.0017390135959847646
44,10,4,0.07394434087020109,0.13726599152265148,0.07331074284510285,0.1375121339154963,4.2676323804395666e-05,4.613178649672501e-05,0.06420139107039345,1.8757432891662766,0.0017501263731491943
231,38,1,0.0750931846257427,0.1384204197107865,0.07595256666376286,0.13806768815930887,0.00010371999941959088,2.2530431725430917e-05,0.062115121495546,1.817814647008911,0.0017577656169034653
211,9,1,0.14579256508472896,0.2206996717712951,0.14864786966542104,0.21847296679608344,0.0005075756739641244,4.5635193990847785e-05,0.0698250971306624,1.469734933220542,0.0017620222324833434
481,46,1,0.05046237200770388,0.06640179614215826,0.05092373417924643,0.06633814471072434,3.831364126352592e-05,-1.1376819008386486e-05,0.015414410531477914,1.3026959978469124,0.0017851646212031077
77,45,2,0.0650460768471311,0.15412086624747087,0.06499148757970845,0.15478513129463234,0.0001058168671694039,6.446301283564144e-05,0.08979364371492389,2.3816216101346654,0.0018025106491971119
441,42,1,0.1594384871292842,0.2518945696145069,0.15860216472308006,0.2508143467201997,1.2765150176132511e-05,1.380190629089236e-05,0.09221218199711964,1.5814055700823657,0.0018134861767479444
89,82,4,0.24131142457638746,0.30046659609314813,0.24743341455185117,0.29517036375395556,0.0009394430255674587,-3.2032116102376877e-06,0.04773694920210439,1.192928466385856,0.0018471712312340626
143,21,3,0.08904889218327958,0.1760521936144963,0.08874830346449758,0.1759161692172784,0.0002735154660064766,4.409603903184706e-05,0.08716786575278082,1.9821919107180568,0.001862344897860885
155,35,0,0.09216008889277359,0.16548128990749622,0.09196837591926198,0.16587392401509146,3.782920719286292e-05,2.5651912888184156e-05,0.07390554809582948,1.803597403532605,0.0018690050356770032
250,59,0,0.10169534721560035,0.1932626847937269,0.10306967431621915,0.1913201794852956,0.00023238096196176444,-7.408774863276063e-06,0.08825050516907644,1.8562218300828497,0.0018721045289004405
281,39,1,0.16842366594334235,0.2177632696963607,0.16993807924534748,0.21621678034711217,0.0003751511665268515,1.919765728410044e-05,0.046278701101764685,1.2723268457974624,0.0018965755609892537
119,54,4,0.04353075957496186,0.10273079055038567,0.04375129364355013,0.10194962447275213,0.00021525815863581807,1.2717079010701697e-05,0.058198330829202,2.3302082288892882,0.0019304428491225159
50,61,0,0.13703303297110056,0.17289995999995564,0.1354399912302459,0.1736513304375571,-0.00020163028113021338,-1.0115795997563002e-06,0.03821133920731121,1.282127448918337,0.0019346497231504478
209,88,4,0.10859821087922086,0.21918283725163154,0.11059287333288136,0.21801868470807406,0.0002578183695301858,4.1759900411285806e-05,0.1074258113751927,1.971362874819647,0.0019377532433551478
497,81,2,0.08320707606236602,0.12535496900382603,0.08372293537687261,0.12479094887835482,0.00016325972946812763,2.1677963741646924e-05,0.0410680135014822,1.4905228575254508,0.0019386786213045494
450,91,0,0.07646547040853097,0.15607728717656136,0.07754801168636377,0.15550229928965348,0.00010258992764374436,1.901696157736326e-05,0.07795428760328971,2.005239024290772,0.001944020018197961
114,93,4,0.17188807689992655,0.24384015232440837,0.1728980947779201,0.24282049188651184,0.00018406755117492831,2.0550212890052956e-05,0.06992239710859174,1.4044139248521157,0.001978160425523546
64,92,4,0.16402751279328573,0.24014913809518018,0.1663397843590483,0.23771404813322675,0.0005715266809403331,2.057077099178962e-05,0.07137426377417844,1.4290871486289498,0.001978677216058407
368,36,3,0.07647388236292851,0.14917749694994328,0.07666191617221901,0.14823496529771937,0.00024790036475428413,2.5811025964645677e-05,0.07157304912550036,1.9336193601620046,0.001979353288858618
184,74,4,0.11650472577361516,0.20749497168807415,0.1160423632550976,0.2077040063632216,7.207497263852368e-05,3.0126338571296032e-05,0.09166164310812398,1.7898981073543192,0.0019961601596997056
400,52,0,0.14787662163430182,0.27090433807707154,0.15066628121497186,0.2681717644077575,0.0006104380361352158,2.5611936878117572e-05,0.11750548319278561,1.7799056447482622,0.00200254736133203
25,86,0,0.11582174904568576,0.16574760137253172,0.11445560770022518,0.16630646107025382,-3.998653858604455e-05,5.4708523826115024e-05,0.051850853370028635,1.45302151997509,0.0020072070986049345
194,11,4,0.15064708652559122,0.17927865600364545,0.14940696581885105,0.18067408211623995,-0.00015630020478599966,1.407726682595132e-05,0.0312671162973889,1.2092748228037695,0.0020309621768126616
310,63,0,0.09381588718664378,0.18901608309862902,0.09460888147264318,0.188347358574101,0.0002365281114455257,3.0595649522942356e-05,0.09373847710145783,1.9907999718669431,0.002038400957837474
27,86,2,0.21847950575984565,0.3232616060311856,0.21913696677273978,0.32355309530225207,-0.00011480485959471275,4.407619077019276e-05,0.10441612852951229,1.4764879703651235,0.0020438991614286192
218,99,3,0.1173676370109995,0.15416745470938614,0.11799757416001491,0.15412145333588664,-2.603193704994952e-05,1.1470052338530906e-05,0.03612387917587173,1.3061408629204923,0.002062466374155471
94,20,4,0.09790326476876669,0.19052171980728194,0.099428996647351,0.18888000595974475,0.00031214836501026794,2.9774822038271e-05,0.08945100931239375,1.8996471082741928,0.0020651498338076684
302,90,2,0.07762065454755142,0.15386958757592484,0.07919870633766832,0.1525705525038546,0.0001530594492399128,8.562327703961938e-06,0.07337184616618628,1.9264273314435354,0.0020704183243459647
88,82,3,0.22647773522444364,0.23323752892876073,0.22528827770938906,0.2330635489205272,-6.873614476087247e-06,-1.4477717274862967e-05,0.007775271211138135,1.0345125422866779,0.002090333807144134
135,83,0,0.09913419024285393,0.10426175496228147,0.09675953303401927,0.106256614931739,-0.0004648772303355809,-3.4128625864751495e-06,0.009497081897719736,1.0981513820904933,0.00210021043041053
192,11,2,0.13735977002826164,0.1751023085069414,0.138808818041546,0.17327044777692463,0.0001910446118466403,4.244872434601258e-06,0.03446162973537864,1.2482668624486388,0.0021010036600642786
480,46,0,0.2698537596323282,0.31372948613145624,0.26922977031503864,0.3140792704784206,-8.805030371505575e-05,2.5793242786579566e-05,0.04484950016338196,1.1665844758211599,0.002106138976500704
282,39,2,0.26980649949262664,0.3211990824459854,0.2700133011453678,0.321164312908013,1.87353914256094e-05,1.0954989315807495e-06,0.05115101176264519,1.189438859291998,0.0021094162059861043
292,78,2,0.11629838281445384,0.16148821976422897,0.1183523616471381,0.16006636516315725,0.00022999554460081075,-1.004550165026461e-05,0.04171400351601916,1.3524560299048993,0.0021436041284263207
361,67,1,0.19315680133773225,0.27479255575127604,0.19417239372624415,0.27304506074685386,0.00032486166891845466,3.094125753727305e-05,0.07887266702060972,1.4061991795384112,0.002149438258328304
164,64,4,0.25923131174142117,0.25449288862295877,0.2606928695577435,0.2522748089833027,0.00046723558971075373,-2.9420684521100155e-05,-0.008418060574440833,0.9677088959559125,0.0021707333789934584
443,42,3,0.24072693735137832,0.340441181155989,0.2418881328579552,0.3393784044112894,0.00012550675968838403,3.145818643811634e-05,0.0974902715533342,1.403038670816413,0.0021802467762234903
170,6,0,0.2195864359441982,0.31689308353681594,0.2196975880389362,0.3166162495798719,0.00011854156402774244,3.4702962158373456e-05,0.0969186615409357,1.4411457695373477,0.0021899893356265533
475,17,0,0.08431946770364386,0.14180299440602853,0.084804550647183,0.14083142471392424,0.00012130715961990782,3.1542758971520794e-05,0.05602687406674124,1.660658816527817,0.002196576978421619
91,20,1,0.11930062712259355,0.20636073591236953,0.11979455690837766,0.20636870910216973,-2.179262676755361e-05,3.769692266256012e-05,0.08657415219379207,1.7226885296633843,0.0022330629882181025
160,64,0,0.302072129842447,0.28882827043191556,0.30405739018824085,0.287305639135343,0.00018859579756304342,2.2229095447622188e-05,-0.016751751052897834,0.9449059565941584,0.0022355904513858458
215,99,0,0.2056746077438934,0.255531021898636,0.20490316164256014,0.2554765078882821,3.544734520704616e-05,2.9529305523781362e-05,0.050573346245721934,1.2468158413970387,0.0022460568640885526
60,92,0,0.09972340339895336,0.12921478847889112,0.10070612460825074,0.1281461616763462,0.00014662225988403541,9.0185733883966e-06,0.027440037068095474,1.2724763481351098,0.002252251474181104
364,67,4,0.15486912097204725,0.2082716876646819,0.15513655318256628,0.20734087365790052,0.00018037683176459011,2.762669840938052e-05,0.05220432047533424,1.3365056100859716,0.0022552930291532894
127,44,2,0.13006775602882525,0.24299452012820053,0.131078013417709,0.2413675550792827,0.00039669568069875303,4.2993046024595295e-05,0.1102895416615737,1.8414038234628394,0.0022609820750435225
200,98,0,0.1621391605643553,0.25586550465187885,0.1621291053263392,0.255420782078058,0.00021761655901428792,1.292367341727946e-05,0.09329167675171882,1.5754159721287428,0.002271106201954013
96,71,1,0.18233457087816543,0.2850453329739142,0.18173023414599127,0.28504848595331395,-5.628122982011015e-05,7.908146869166555e-05,0.10331825180732268,1.5685253876045906,0.002293009172080952
333,47,3,0.15570329289116708,0.2079626292243643,0.15485663780207878,0.2079857686292819,0.00010798700755870715,3.165494455750542e-05,0.05312913082720311,1.3430859121138035,0.002293266779728382
351,53,1,0.17027378266326162,0.255601520717465,0.171176722779513,0.2548142160984613,0.00012255946238164694,3.86228592432187e-05,0.08363749331894826,1.4886031930093608,0.0023256678354561977
131,15,1,0.21145504860581651,0.1744171056868835,0.216394539582092,0.17315423970890823,-6.730957183450927e-05,-3.89428452525297e-05,-0.043240299873183785,0.8001784150529361,0.002334175004353636
13,65,3,0.16426324572542317,0.25758538239548556,0.1643902510036403,0.25705256663024995,0.00011264993348875011,4.976849983074556e-05,0.09266231562660965,1.563672815516035,0.0023397988879991167
177,87,2,0.18775198704319002,0.2709378515566348,0.18882772169489795,0.2704924878446285,9.039325669031858e-06,2.047720478170744e-05,0.08166476614973053,1.4324829289720604,0.002367707007365075
439,85,4,0.14078115585997533,0.24308104841814612,0.14242776952181152,0.24101949475831014,0.0003577412126520189,7.709829047328538e-06,0.09859172523649862,1.6922226302322327,0.002378348128918802
264,18,4,0.18310412132653026,0.24431867661917608,0.1829359943928715,0.24438347008649677,-0.0001141582975997678,1.6008108759072203e-05,0.06144747569362527,1.3358960378331084,0.002386308134282889
189,25,4,0.049596310163194345,0.0786516085109584,0.049508099476116195,0.0781373813207605,0.00015856745178397747,3.2050542179191513e-06,0.0286292818446443,1.5782747095443586,0.0023916130969625082
4,51,4,0.17329815540775292,0.2839912217122176,0.17411807704186757,0.28267931405899804,0.0002349695183385141,3.626778942846636e-05,0.10856123701713047,1.6234920512648803,0.002407965461661136
16,96,1,0.21832866143844334,0.19182995120497248,0.21687833619979233,0.19209881032764173,-3.87196044629712e-05,-1.73872768944818e-05,-0.0247795258721506,0.8857445777833557,0.002413072848380099
465,56,0,0.17052206174826967,0.23294260528366298,0.16940956200966922,0.23405513914628584,-0.00020046994900993704,1.3587082690538467e-05,0.06464557713661662,1.381593437641536,0.002414860247611594
133,15,3,0.3486660207914049,0.24735835014871568,0.34163477037209555,0.25162313457436913,-0.0008398565872977547,-3.3120866393883396e-06,-0.09001163579772642,0.7365267133093942,0.002439507560424945
300,90,0,0.10820464406027355,0.18301799830979415,0.10898195246651268,0.1815859505121128,0.00013687519508859858,1.8240591558075553e-05,0.07260399804560011,1.6662020307253114,0.002442794494005836
343,22,3,0.14405484193940202,0.26638516580127847,0.14600601027049134,0.2645005154987492,0.00039778680930519823,5.448458853729334e-05,0.11849450522825786,1.8115727907963135,0.002449751911755556
378,26,3,0.14306967659960237,0.191645863651208,0.14278714929333672,0.19154527795153226,0.00014383322609412045,3.4762347505116104e-05,0.04875812865819554,1.3414742075845258,0.002456430375052643
187,25,2,0.11234909669588197,0.17970792688596396,0.11267299822170597,0.17894875529951718,0.0002764201635478107,1.554664124678044e-05,0.0662757570778112,1.588213308634965,0.00248244105172894
163,64,3,0.2622138715222918,0.2188859776032016,0.2596358630761049,0.22076689701652122,-0.0003770683606920086,-3.580889170349551e-05,-0.038868966059583704,0.85029430988819,0.0024826292123994458
112,93,2,0.18084624959136086,0.226805742570145,0.18270280167813926,0.22454707312509437,0.000305609947750597,-2.9773509634232948e-05,0.0418442714469551,1.229029172309413,0.0025053004182808243
237,69,2,0.09621933950128098,0.16076940970984047,0.09686403588612265,0.1595719277849282,0.00020363886685697942,1.4202940186405059e-05,0.06270789189880556,1.6473805404157178,0.0025237997864070495
195,40,0,0.2498035197895647,0.26296375289571583,0.25022780761168173,0.2641778337225387,-0.0004166892072180806,-5.417206435045435e-06,0.013950026110856995,1.0557493039802572,0.0025631874677534104
419,37,4,0.1390575765175285,0.21148796244110962,0.13851768475936935,0.2119727499776274,-4.090945172956238e-05,5.314562510525379e-05,0.07345506521825806,1.5302937696790342,0.0025643654642888546
213,9,3,0.1331650882529158,0.14344063337116933,0.1328569348033383,0.14363900147958672,-8.23912066945822e-05,-1.2711843844199922e-05,0.010782066676248425,1.0811554676630812,0.0025918839723010527
325,16,0,0.17693485743548,0.21329735476733958,0.1770506994828985,0.21313754368185062,8.213454791007153e-05,-6.112141656864487e-06,0.03608684419895211,1.2038220933571504,0.002612067117212411
260,18,0,0.07817116818251621,0.09639388979486667,0.07774872495301194,0.09607871985479402,9.334746325723524e-05,-5.716008898589167e-07,0.018329994901782082,1.2357594277315798,0.002616694724365457
391,43,1,0.15818524467833944,0.23873389349064325,0.15767850076927656,0.2382225602755067,0.00017991237107396708,1.9307105736062596e-05,0.08054405950623014,1.51081193132402,0.002628135491497496
496,81,1,0.2146039979320061,0.2523209780399012,0.21506879551596159,0.25149002760685946,0.00013650897599400748,-1.2949658611250724e-05,0.03642123209089787,1.1693468920189998,0.0026809369659692548
181,74,1,0.11097944752683227,0.1705753907894705,0.11265940454457252,0.16895437508870714,0.00026955792490251414,1.7665774659426657e-05,0.056294970544134626,1.4996917103521714,0.002688991172301239
102,60,2,0.17827510827711265,0.2673185997075974,0.1803637611859634,0.26525081842390447,0.00024963925842942647,2.6532746694468e-05,0.08488705723794107,1.4706436408277082,0.0027318467010262713
117,54,2,0.14190964209497678,0.25799309885410865,0.14419184384465158,0.2558509728331774,0.0002570795590885677,4.727286535848306e-05,0.11165912898852584,1.7743789524518765,0.0027714557195110804
156,35,1,0.24869036876713588,0.3552970901437172,0.2523344381319753,0.35174671110111505,0.0003432932357627591,2.4149082179441744e-05,0.09941227296913974,1.3939702947607389,0.002828278277505531
469,56,4,0.20479870530585445,0.2795847961341611,0.20728819277587043,0.276615493463628,0.0005984636436154899,2.8934965856066283e-05,0.06932730068775758,1.3344488644498795,0.002843144791664535
220,89,0,0.050120001177109845,0.10447862212302102,0.050089601412571065,0.10426277394688892,0.00012107759682189279,2.0688188104166787e-05,0.05417317253431785,2.0815253267462004,0.0028533030189912497
241,79,1,0.26221620111682353,0.35534990627148255,0.2648886992619243,0.3515560593550751,0.0003910487429261363,4.484859882372123e-06,0.08666736009315079,1.3271840600774492,0.002907413902928244
150,50,0,0.06413699801897454,0.10669289195424041,0.06294345183714588,0.10757181865765371,-0.0001788523801973969,1.1269983080080306e-05,0.04462836682050783,1.7090231869706667,0.0029093406290146497
242,79,2,0.1483157233973193,0.19566981600315067,0.15029205842090815,0.19418349103241384,0.0001001499657561148,-1.0991935310756102e-05,0.04389143261150569,1.2920409306563843,0.002917984434180089
225,8,0,0.2204226388911485,0.27363061284639506,0.2208761717430246,0.2723091165536913,0.00029250908348082635,-1.80505875670139e-05,0.05143294481066668,1.232858729870172,0.0029401124145329097
457,33,2,0.16557667112816135,0.23118956488096729,0.16625760947831555,0.22977814445840536,0.0001812707562223682,5.586521447458272e-06,0.0635205349800898,1.3820609184710706,0.0029438267093790747
205,88,0,0.1570081855639997,0.23191917226251507,0.15909643111555546,0.22971338300526004,0.00021503673639217285,2.5220525484367245e-06,0.07061695188970457,1.443862576894725,0.002948309927838549
214,9,4,0.21654148172228088,0.21539085362826274,0.21750572455981754,0.21484429942855462,-8.725303705309251e-05,-6.239303818715257e-06,-0.0026614251312629122,0.9877638846671781,0.0029733150904467185
246,28,1,0.035735354309849796,0.06136086282748554,0.03549915650721526,0.06132388200404519,4.525194477053268e-05,7.391280239470976e-06,0.02582472549682993,1.7274743413010676,0.0030037387733783828
265,58,0,0.06731593464589242,0.08626662274966745,0.06841591805938589,0.0853417728959959,0.00011315794075568954,-2.376130188948394e-06,0.016925854836610008,1.2473964439374787,0.0030118183884239786
445,13,0,0.10035211999179235,0.14284481917195513,0.10265095420825619,0.14039173679973185,0.00036598120927811543,-1.92707193840169e-05,0.03774078259147566,1.3676612933856214,0.0030129288482216164
285,68,0,0.12500183725910688,0.12577581672528476,0.12420984840071907,0.12621485738244242,-0.0003003149757104057,-2.6498812351664882e-05,0.002005008981723358,1.0161421095632845,0.003029737113821321
362,67,2,0.21114007914801364,0.23377186662127283,0.21412424272969463,0.23181543052829134,0.0001768512884614864,-1.2395306655512297e-05,0.017691187798596714,1.0826211342212644,0.0030531237896672353
331,47,1,0.21438784067539202,0.23583721157091245,0.21485552732585514,0.23521314536173143,0.00013031317308643734,1.4255981569280166e-05,0.020357618035876296,1.0947502644649278,0.003055942844640382
62,92,2,0.25051564644767216,0.262210757303544,0.2529829782386552,0.2608848093453001,9.078834132974336e-05,-6.614048211220191e-06,0.007901831106644941,1.0312346354749238,0.003056939848235237
197,40,2,0.3015705730967325,0.283300977126939,0.2999675753114391,0.28218677992942054,0.00022081617767120892,-4.9482426804273156e-05,-0.017780795382018544,0.940724275403574,0.0030842395304105995
61,92,1,0.21023083686138005,0.2163288102445231,0.21080432092056417,0.2153112487954987,0.0001769359296217193,6.8288908279491434e-06,0.004506927874934535,1.0213796750239899,0.0030945494790116856
14,65,4,0.09909653460202562,0.12330133957234164,0.09896271535427334,0.12295826842272918,2.770742779560172e-05,4.144588588554815e-06,0.02399555306845584,1.2424706414183864,0.003101422951610952
166,97,1,0.13275689847426428,0.20753693028437312,0.13253342261457365,0.20628919428061837,0.0002702551616475181,1.2061396858830033e-05,0.07375577166604472,1.5565069565926564,0.0031241836673470474
324,1,4,0.16939467209430123,0.2551928952115845,0.17070581831688705,0.25363965732112986,0.00018335047658083712,2.1357987901915612e-05,0.08293383900424281,1.4858290116994717,0.003129187998723644
392,43,2,0.12331839554089133,0.1671931054089587,0.12353980111577911,0.1660129234437706,0.00028091973875615935,1.4920511978884048e-05,0.0424731223279915,1.3438011227506066,0.003129364763957994
98,71,3,0.12727762424314598,0.16176361641907236,0.1288460047707134,0.16079137647105934,2.0614280578773817e-05,1.5700322102106457e-07,0.03194537170034595,1.2479345149831693,0.0032021378447220456
255,49,0,0.2627788240253741,0.2568782295608201,0.26315419828265807,0.2562630901072839,4.405672780621315e-05,-2.9630430236948196e-05,-0.006891108175374194,0.9738134211031194,0.003228871652177621
490,23,0,0.0939065076028367,0.14576811387907918,0.0947619446942805,0.14513639595420336,0.00013902284385154939,6.810616237667802e-06,0.05037445125992286,1.531589462652335,0.0032323953526911787
230,38,0,0.2628688371730691,0.29706491930188605,0.2636273444551543,0.2970596781488301,-0.00029721696385922425,7.697575842004312e-07,0.03343233369367582,1.126816638701768,0.003245946391507126
384,77,4,0.09360725366136258,0.1266398761947744,0.09467826565907501,0.12564994086671685,0.00013156958635404418,-8.412390503381012e-06,0.03097167520764184,1.3271255022685682,0.003247630643095449
337,73,2,0.13643429601983492,0.20271836668254856,0.1382279750784758,0.2009577991618264,0.00032171130609886996,1.751644106707651e-05,0.0627298240833506,1.45381424453145,0.003252300041454506
345,80,0,0.20784884212828236,0.3277010837379018,0.20966682006712728,0.3250139768647184,0.0003675084239480145,2.0269294514368397e-05,0.11534715679759111,1.5501450194201514,0.003269950056348509
217,99,2,0.18821242341951147,0.18212052421034192,0.18982946023967204,0.18155271241886944,8.579226798191034e-05,-5.955720690381114e-06,-0.008276747820802594,0.9563990341101288,0.0032735369294988295
203,98,3,0.1681535265302277,0.19669866577741832,0.16796915004363333,0.19632066076002033,-0.00010523477066097464,2.595895940261814e-06,0.028351510716387,1.1687899873817431,0.0033131934321024114
108,31,3,0.10186023746535237,0.13330940595163723,0.10288386933504269,0.13270241106526456,9.112093795925589e-05,-1.1813285973145881e-06,0.029818541730221873,1.2898271801298355,0.0033167480480853976
104,60,4,0.17911463462602883,0.22190569720549436,0.1793857070137749,0.22126507031116932,-5.663600808258854e-06,-4.4513738115917536e-06,0.04187936329739442,1.2334598669791375,0.0033172052541690783
387,84,2,0.14187863630981484,0.22270415624920414,0.14416775658851846,0.2204171658590295,0.0002696097887638977,8.331886479203109e-06,0.07624940927051105,1.5288936380423885,0.003331527353447187
326,16,1,0.41395300431289983,0.4253005684206853,0.4151772854062277,0.42279917266461553,0.0003014307726279396,-1.7217892977695675e-05,0.007621887258387805,1.0183581509063777,0.003372677656665893
374,5,4,0.12170687397028201,0.1591115324043613,0.12179687471167595,0.15855166731132558,9.791976194883318e-05,7.491055833379843e-07,0.03675479259964963,1.301771229242602,0.0033758293259251366
179,87,4,0.11839639731047233,0.11969874859675654,0.11670469212777287,0.12167473815917433,-0.0005315715917383888,8.511655026494839e-06,0.004970046031401457,1.0425865142248099,0.003377369267735156
18,96,3,0.3931876166521057,0.27919810869825645,0.39556087044105365,0.27829249870121486,0.00010012038431739225,-7.898630645705745e-05,-0.11726837173983878,0.7035389986651521,0.0033981423608884934
311,63,1,0.12226661594998772,0.17242593136870496,0.12513975437916722,0.17006639946259178,0.0003197054103384075,1.003217805032684e-05,0.04492664508342456,1.3590117729278823,0.003422261786772778
474,0,4,0.14197590468242652,0.18533261018197308,0.1425034719255178,0.18427363279391035,0.00017239152142171297,4.888094382300778e-06,0.04177016086839255,1.2931167943067698,0.0034468729147773473
39,24,4,0.19496704530645725,0.26905955071249155,0.19512019235818706,0.2682405533389926,4.560676761524166e-05,2.375025748773346e-05,0.07312036098080554,1.3747452280416814,0.0034484548836096196
291,78,1,0.4075889198958444,0.38816217538090386,0.41124340803339327,0.38429234268273904,0.0004669946072296039,-3.884304012370345e-05,-0.026951065350654224,0.9344644441122184,0.0034498547899297514
175,87,0,0.15660285512850197,0.18296498204388986,0.15960697466785354,0.18041269994869552,0.0004617035312981662,6.286871335800915e-06,0.020805725280841986,1.130355990545772,0.0034503030086432095
330,47,0,0.11955168771598064,0.11897691714855457,0.1203364801028575,0.11867105408047507,5.734365910290262e-05,-8.1294118736835e-06,-0.0016654260223824269,0.9861602564662112,0.0034550152031368997
376,26,1,0.12312610868521906,0.11995194497868633,0.12165641082700343,0.12126561187779515,-0.0002849805820291884,-1.257591421307062e-05,-0.0003907989492082792,0.9967876830612404,0.0034872727374715526
86,82,1,0.4475496961012413,0.30740735826770654,0.4429621781298022,0.3123581674647538,-0.001068128286454556,-6.763064461387075e-05,-0.1306040106650484,0.7051576475073743,0.003487486207736079
147,70,2,0.08633497410740248,0.09986306601962319,0.0862256617429835,0.09968070989164986,-1.7893036316993676e-05,4.160088740173417e-06,0.013455048148666354,1.1560445913279551,0.003500179272113684
429,27,4,0.17423588399000217,0.21876244733383385,0.17417934465230253,0.21881185545998563,7.981252564053144e-06,5.7447158636579005e-06,0.0446325108076831,1.2562445673267326,0.0035082056399283945
284,39,4,0.14984512092882415,0.11668550580339526,0.14892639984816186,0.11827586838521904,-0.0004001828790797204,-5.510812730175901e-06,-0.030650531462942818,0.794190073122075,0.0035318913419091543
247,28,2,0.1464879390847767,0.2222579767532277,0.14671518992409907,0.22150230655206257,2.5080544442208287e-05,2.427613811021952e-05,0.0747871166279635,1.5097435150828862,0.003543332909598452
226,8,1,0.1996891920167601,0.211604167405775,0.2001840988839256,0.21126005469779144,2.5560451533125427e-05,-1.139504195287859e-05,0.011075955813865834,1.0553288491724215,0.0035525524350147977
321,1,1,0.1396927383079411,0.19068825954672255,0.1401744694608817,0.18961943398825715,9.555247982325664e-05,1.1317737715827452e-05,0.04944496452737546,1.3527387313648724,0.003556938968975271
41,10,1,0.2778170264909015,0.33016437207108895,0.2806020961839972,0.32716045023162194,0.0003539467288672417,8.445519553661027e-06,0.04655835404762476,1.1659230443421043,0.003564951956352331
340,22,0,0.0484082932606739,0.06660176125307986,0.048763376104450425,0.06590102037324948,7.046686117046514e-05,-5.643310285014199e-06,0.017137644268799053,1.3514449908490846,0.003632290491079256
111,93,1,0.12993405343305525,0.12148203221570246,0.1312875401922483,0.11999880103945794,0.00012014594102616866,-1.9022111349403617e-05,-0.01128873915279037,0.9140151522660876,0.003649404024633131
409,95,4,0.1720715672110921,0.24924111568764484,0.17277563314329783,0.24813340388305277,0.00013410659289503745,2.031597761669573e-05,0.07535777073975494,1.4361597140104485,0.0036693912930911014
306,32,1,0.12439315617996254,0.18709370593384878,0.1263070024722116,0.18567577796280957,0.00020604456188380867,1.777627729104049e-05,0.059368775490597964,1.4700355034049637,0.003682987193156744
47,41,2,0.25097354885371564,0.2994795500322106,0.2519585112846518,0.29786772778689746,0.00025194994140522223,-3.2076002300874763e-06,0.045909216502245664,1.1822094291166034,0.003684205071992758
495,81,0,0.2965244240963722,0.27539303352249345,0.2981795216570257,0.2739226041552845,0.00018919894489753645,-2.254719073028392e-05,-0.024256917501741193,0.9186499550105183,0.003687882935569659
216,99,1,0.32380514133918487,0.2763950347967982,0.32308585614294577,0.2772554019555806,-0.00027581595547053505,-1.9430255867211935e-05,-0.045830454187365144,0.8581477544870055,0.0036980087806552132
10,65,0,0.12723963767707966,0.13532916966035802,0.12715812466580173,0.13571285378826836,-0.00017882863446884402,5.740682852949227e-08,0.008554729122466631,1.06727630770704,0.0037035104777237895
172,6,2,0.1322354453263465,0.1259969981086967,0.13142230217353837,0.12631837767827583,-0.00015221208385907185,-5.440926955061139e-06,-0.005103924495262535,0.9611639393706329,0.003703587624510734
488,72,3,0.17111832271534902,0.20026942988473842,0.1701189031506848,0.20055818305787285,-0.0001102436149943261,1.0316626593779725e-05,0.030439279907188033,1.1789294390184617,0.0037096002310015503
431,76,1,0.16849873729041795,0.24136668173111453,0.16892707563857,0.24057350105480885,-3.3295441731103647e-06,1.054938188350657e-05,0.07164642541623883,1.424126358343708,0.003712065281495471
33,75,3,0.1053084451444718,0.1421660699396636,0.10755171761949332,0.14013876807068007,0.000304461888121727,-2.348130596376789e-06,0.03258705045118675,1.302989586521308,0.0037192967353543386
335,73,0,0.16742823456271647,0.22318287990001162,0.16997864796586912,0.22101287302334424,0.0003672114453589861,9.791142516959544e-06,0.051034225057475124,1.300239033950444,0.0037229712979718285
287,68,2,0.2148838991189479,0.1861864880700501,0.21486942499330902,0.18657163863584011,-0.0002677958710713646,-3.634377756412063e-05,-0.028297786357468907,0.8683024057129111,0.0037328614816724585
422,4,2,0.15303826188866806,0.21896572759996957,0.15509664608845902,0.21667952517938288,0.00026922061758800046,-4.267119691506977e-06,0.06158287909092386,1.3970613204350029,0.0037456869617981618
332,47,2,0.29174154224005727,0.2752165077827213,0.29394870163041925,0.27392485504521547,9.970764900883714e-05,-2.2161648276100495e-05,-0.020023846585203786,0.9318797923782643,0.0037622458524820047
193,11,3,0.28806548808125865,0.23467038722950773,0.29051516196782623,0.23274398342273245,0.00019971803725356686,-3.8750788336188924e-05,-0.05777117854509378,0.801142294420104,0.00378385510556482
81,14,1,0.19842518492546812,0.2710618590813692,0.20042634746680868,0.2693230673395132,0.00010090938060161243,1.867867279789988e-05,0.06889671987270454,1.343750812922009,0.0038023444930168427
317,57,2,0.2358554710199107,0.24397314318890018,0.2362228967798579,0.2431373401638036,0.00010288244098884732,-9.758142220408929e-06,0.006914443383945701,1.0292708432510225,0.003879125425615906
354,53,4,0.28785989722633154,0.28687736616719584,0.2884260532175622,0.28560207365575385,7.565028493293658e-05,-2.2172195905187333e-05,-0.002823979561808354,0.9902089997408168,0.003936458007883521
259,49,4,0.1800836812394478,0.1561376003955143,0.1817493080043714,0.15481126260256586,0.00013560331179294062,-3.3707152021207445e-05,-0.026938045401805527,0.8517846054128712,0.0039556446171267415
435,85,0,0.12408874979523084,0.13178198612566364,0.123866241024419,0.1319266440791228,-0.00022414023797316258,-8.950727261589576e-06,0.008060403054703805,1.0650734452587027,0.0039734122377350235
280,39,0,0.374851493831242,0.2833273580673341,0.3759458124577373,0.28186978660555395,0.0002290983356863825,-4.2679610888749656e-05,-0.09407602585218333,0.7497617402966575,0.0039746245880787805
318,57,3,0.33693322546858073,0.3385975169284993,0.33866563362703356,0.3379245429407032,-0.0003010084513644784,-1.3148248853386416e-05,-0.0007410906863303812,0.9978117334245182,0.004029391787439436
36,24,1,0.1181486193932353,0.14343960011250123,0.11801805066808076,0.14258399157223123,0.00014783072886757299,8.200407790802156e-06,0.02456594090415047,1.2081540981662273,0.004060462617220949
355,94,0,0.12856114761447887,0.18203527653587936,0.12911175144442197,0.18098719989626352,0.00010628874247527279,1.1297583729313523e-05,0.051875448451841555,1.40178719498025,0.004068876714165166
219,99,4,0.16494019048641076,0.1317859643848376,0.1641839752952567,0.13159394115722547,0.0001806082405361279,-1.5613379311785297e-05,-0.032590034138031215,0.8015029537479305,0.004096344432219937
148,70,3,0.2832194748921902,0.288944226293454,0.2829611899941089,0.2883298715587143,8.304148631000859e-05,-7.501639673736678e-06,0.005368681564605404,1.0189732081799527,0.0041291331333141775
269,58,4,0.2721227469216432,0.2598044519317689,0.2724049633981847,0.258541884703124,-5.5006164540791726e-05,-3.580600440521605e-05,-0.013863078695060704,0.9491085679125585,0.004139419962117003
29,86,4,0.19961675511418633,0.17652209420786533,0.201186179545165,0.17550535865021927,4.50648054165365e-05,-3.4768197541444584e-05,-0.02568082089494572,0.872352957081823,0.0041867372858980815
272,48,2,0.1178371956348473,0.13697647842826544,0.1201430996442497,0.13512123106376786,0.00018301789864897153,-7.849471080235812e-06,0.014978131419518162,1.1246690943039528,0.004187294946517503
482,46,2,0.5038938120293563,0.3537660195788734,0.5025739770150187,0.3556797321375696,-0.0003957639496798514,-5.758785943006699e-05,-0.14689424487744912,0.7077161739453546,0.004193785640052241
236,69,1,0.1867403549996908,0.21791516011267462,0.19136251122561473,0.21351531833236237,0.0005724220428226292,-1.5042438347528271e-05,0.022152807106747635,1.1157635681349816,0.004198797675769056
5,34,0,0.2949541928787542,0.2674756635150374,0.29935201101674297,0.2637995102690354,0.00016458017535318878,-7.578092235111933e-05,-0.03555250074770755,0.8812351364303376,0.004216189189012622
373,5,3,0.19713557706863996,0.2207551173286013,0.1993918897422873,0.2188525886045965,0.00016664955657216238,-2.083933799510965e-06,0.019460698862309195,1.0976002528862232,0.0042226017418255666
476,17,1,0.1356751618196821,0.1451074232890177,0.1389202236482321,0.14280544122158706,0.0002543014818449909,-1.543650128373662e-05,0.003885217573354971,1.027967256827868,0.004233659622386928
121,2,1,0.06875794989179185,0.0775648933138896,0.06927362214009461,0.07714456596148386,7.710866034247747e-06,-8.085276622841176e-06,0.007870943821389254,1.1136210808418758,0.004278269866047946
416,37,1,0.14893918622995184,0.15494587687432188,0.1493840378658579,0.15494733064738375,-8.008942332426385e-05,-5.262966787328112e-06,0.0055632927815258415,1.0372415477651067,0.004331499143897171
149,70,4,0.3050173087700014,0.29158126873544865,0.3042457979874195,0.2924321569559435,-0.00021654518974623962,-2.622119080040218e-06,-0.01181364103147603,0.9611707339604258,0.0043358022081572715
48,41,3,0.17078070515512705,0.17811680869604662,0.17220224893450417,0.17791264956705555,-8.647156046228321e-05,-6.580315550075663e-06,0.005710400632551377,1.0331610107759004,0.004338975767758906
487,72,2,0.25162428778323076,0.2689329026552106,0.25322015037287654,0.2678594991787244,-9.232750183467078e-05,-1.971550807019603e-05,0.014639348805847885,1.0578127324554971,0.004396067005610879
473,0,3,0.2827428524574945,0.2881605637840148,0.2822729906235997,0.2891997833769574,-0.00021001669210589957,8.224722385351539e-06,0.0069267927533577245,1.0245393395168805,0.004404577145675486
169,97,4,0.17719058820529837,0.20621065169068256,0.17817661559170403,0.20555136085720746,-3.963798076403061e-05,8.03995563007951e-06,0.02737474526550343,1.1536382604114186,0.004420390723188436
470,0,0,0.0988679174229347,0.10448810398429678,0.09934207598859389,0.10399749084150058,7.393772544444778e-05,-8.000972255104027e-06,0.004655414852906686,1.0468624679581007,0.004435626681025867
204,98,4,0.2958842090731739,0.28276641907051087,0.2992658219969384,0.2808767874796362,0.0001466458803473613,2.7055803224399446e-06,-0.018389034517302227,0.9385528411009448,0.0044614183858665704
1,51,1,0.12390293405047778,0.12486305718953718,0.1252635494181419,0.12382153509807076,-1.1004504618355651e-05,-1.665039164962019e-05,-0.0014420143200711555,0.9884881569557192,0.004462320512387013
176,87,1,0.23794612231469603,0.20139695001831234,0.2357146799998315,0.20283779898877394,-0.0002645125957930694,-1.4331624030651404e-05,-0.03287688101105757,0.8605225562910165,0.004482033688425211
312,63,2,0.1318599691873135,0.1331659284718167,0.1314980313154202,0.13371029058797512,-0.0002915469309256519,-7.102174794853031e-06,0.0022122592725549173,1.0168235162946921,0.004503213451458945
256,49,1,0.35935344625761395,0.26200993342492906,0.35774685627560104,0.26381094465231475,-0.00034875948390953904,-3.0222071195536462e-05,-0.0939359116232863,0.7374235161666384,0.004566828363682222
329,16,4,0.17339257342445602,0.1421456197302544,0.1745648006041736,0.14060629926253168,0.0002244588143187419,-9.090471190148498e-06,-0.03395850134164191,0.8054676474059456,0.004576151488231944
122,2,2,0.16917015008972994,0.18571555929744524,0.17128089085805664,0.1840516624601193,4.7862720787089394e-05,-2.2718019989336475e-05,0.012770771602062664,1.0745603992254222,0.004587552032642066
173,6,3,0.29529350386004816,0.24230287946074566,0.29498221800683544,0.2423035864226855,-0.00018935346793958586,-3.296372701055254e-05,-0.052678631584149926,0.8214176029318173,0.004590628196062324
107,31,2,0.19901286129782506,0.2119483189857571,0.20206948962876442,0.2093030582348223,0.0002363961227898045,-2.373713393569778e-05,0.007233568606057866,1.035797430969649,0.004595895835055288
379,26,4,0.4150881999204425,0.33480182629866845,0.4139472055382715,0.3363803953511076,-0.0005290481113880624,-3.386354469078275e-05,-0.07756681018716394,0.812616659445011,0.004602722794539993
40,10,0,0.2903398118284104,0.2798361772323082,0.29364973819051354,0.27705770985846434,0.0002340821251491492,-3.255955693791455e-05,-0.016592028332049202,0.9434972139451231,0.0046045544863012496
142,21,2,0.1791890143619904,0.17658559662508946,0.1800709512719468,0.1762932734167459,-0.0001512954021963648,-6.774146417872645e-06,-0.003777677855200917,0.9790211701081326,0.004620790055747901
426,27,1,0.22292201793812746,0.21425858914156873,0.2213570125528652,0.215947555164491,-0.00037551357921802213,-4.235073737804435e-06,-0.0054094573883742,0.9755622949280529,0.004637169465911673
433,76,3,0.16205482924260442,0.18958950997001214,0.1620963908325835,0.1893782360312298,-6.536151059181141e-05,3.51918066185952e-06,0.027281845198646293,1.1683063087248102,0.004648434180154493
478,17,3,0.25049446504184225,0.2310276830040402,0.2505311938293075,0.23062887466521326,-0.0002497811121196204,-3.14515997831502e-05,-0.01990231916409424,0.9205595165221057,0.004649977314893817
140,21,0,0.1343800222023995,0.13750696841473253,0.13596193056263442,0.13614782829998,0.00023631369227298428,-4.147442710379783e-06,0.00018589773734559167,1.00136727785915,0.004651642941900912
367,36,2,0.2553253085967628,0.2534143620051654,0.25776275729649706,0.2510306695393774,0.00013801925757155937,-2.688464405280261e-05,-0.0067320877571196425,0.9738826204851001,0.004660105849972925
238,69,3,0.21615147020864858,0.21468647555202383,0.2176540633911691,0.21325470877188132,4.2983707019760654e-05,-2.107856411019552e-05,-0.004399354619287782,0.9797873995516397,0.004662589295767867
492,23,2,0.2529654678687868,0.27721107111322085,0.2531102637671562,0.2767486824020728,-4.321745026871178e-05,9.644013996882325e-06,0.023638418634916614,1.093391782233937,0.004692055693823284
2,51,2,0.2074183145101229,0.20441487048638052,0.20974440474881423,0.20172823836760906,0.00030690961218075147,-2.3486554374554134e-05,-0.00801616638120517,0.9617812623378194,0.004717360944750575
352,53,2,0.11601471029216401,0.10353302627305999,0.11795175570467725,0.1024281803075086,0.00013970355717244994,-1.4110013021038214e-05,-0.015523575397168657,0.8683904677431343,0.0047326403128719816
276,19,1,0.261961830012032,0.22244154958628798,0.26337836772110906,0.22103975541316984,-4.2654789826474557e-05,-5.8413290894995406e-05,-0.04233861230793923,0.8392479508690269,0.004733452184999658
334,47,4,0.21861563647740298,0.16200673427344736,0.21600264487319293,0.16420517130399057,-0.0003953515065583566,-1.5619865818714925e-05,-0.05179747356920236,0.7601998179253281,0.004735596337019535
363,67,3,0.14795669643579695,0.1131255418276,0.1486425811406524,0.1130774449030621,-8.360388626161513e-06,-1.7291705850873482e-05,-0.035565136237590306,0.7607338626343083,0.004742037118051474
393,43,3,0.2538340529368878,0.24544284246800732,0.2554728527593107,0.24426298668503407,0.00012758469391966278,-3.3900480396596583e-06,-0.011209866074276625,0.956121106594297,0.004747705197073486
417,37,2,0.22291402079929176,0.21931107752565848,0.22428074579485793,0.2181026002231848,0.00018376665584458822,-1.0825016396248985e-05,-0.0061781455716731215,0.9724535178007475,0.004760288813201111
425,27,0,0.16919868814144345,0.16478152004517568,0.1689378433651584,0.1647990022563193,4.378244106651853e-05,2.164471842588287e-06,-0.004138841108839109,0.9755008053471298,0.004767894813860569
34,75,4,0.13618759554276771,0.1445555813164857,0.13860094830459269,0.14286379109429406,7.004031550788276e-05,-2.4157515150602453e-05,0.0042628427897013765,1.0307562310492513,0.004768774906057111
141,21,1,0.38551056384820737,0.372993307615888,0.3866374648262576,0.37168177958274784,-6.55312833555395e-05,-1.9257552820991775e-05,-0.014955685243509764,0.961318582382516,0.004777131257047529
201,98,1,0.11307375977794723,0.1010462626237617,0.11400637941183946,0.10057333571891654,1.8757834548398717e-05,-2.4426730728228363e-06,-0.013433043692922919,0.8821728769721117,0.004778620308218511
472,0,2,0.17664285598518997,0.16830327263526118,0.1763910500177941,0.16863894740117208,-0.0001297238928280157,4.022181892065172e-06,-0.007752102616622014,0.9560516102385014,0.004861830670965987
165,97,0,0.1643847037799886,0.18204728031562034,0.1661870843367612,0.18046488921486664,0.00016220299855685243,-3.7964944978128673e-06,0.014277804878105455,1.0859140464199548,0.004872530651764968
83,14,3,0.26211465527437394,0.28798667021590907,0.26311843904249177,0.2869659171709874,2.7429887722666082e-05,3.1308146023338767e-06,0.023847478128495636,1.0906340057932786,0.004878279605985864
185,25,0,0.3696439656606342,0.33539762500003034,0.37109123250051207,0.3345523824876476,5.823163936691407e-06,-9.346365474962714e-06,-0.03653885001286444,0.9015367467276015,0.0048905063916106035
21,7,1,0.08432635106051055,0.09448728253298605,0.08468546796261864,0.09409486273585158,2.0810869534934238e-05,-7.363773926687088e-07,0.009409394773232937,1.111109910585679,0.00493555620950713
415,37,0,0.12479648720881609,0.12163292287858896,0.12643742121086318,0.12037167264969284,0.0002279199665856138,-8.885480416487008e-06,-0.006065748561170342,0.9520256858841314,0.004950331052130579
498,81,3,0.37197546732689807,0.2620754426474845,0.3696072060855115,0.2645335190237249,-0.000466526423585845,-5.769313995526795e-05,-0.1050736870617866,0.7157152638483001,0.004954271181167308
58,30,3,0.19063843568933317,0.15298076710838876,0.1912976596688115,0.152249182230911,-8.368061851349549e-05,-4.473771461908237e-05,-0.03904847743790049,0.7958758224982779,0.0049629205578423695
22,7,2,0.21580716171064918,0.24451748425949874,0.21762986262483427,0.24266359014185984,0.000228892001802954,5.702243993018311e-06,0.025033727517025567,1.1150289175166208,0.00497377857531058
20,7,0,0.29972018896360825,0.33502024638620553,0.30136016649084474,0.3335526473242345,0.00019880914147266958,4.948280382970543e-06,0.03219248083338977,1.1068239416252372,0.00497932042689943
467,56,2,0.3339360841830388,0.26991318474113607,0.3328048157743846,0.27022096182361727,-0.0002658346378312656,-3.323201236328961e-05,-0.06258385395076732,0.8119502754034839,0.004981225866148439
375,26,0,0.24857715553906995,0.19950956096260083,0.25061968574854726,0.19799035821098293,0.0002875317679373956,-2.087764001954706e-05,-0.05262932753756433,0.7900032179021699,0.004982321889090849
139,83,4,0.6258000749137993,0.3863830426412445,0.6238361741994455,0.38778881458740316,-0.00039937570936197464,-0.00013698170800954912,-0.23604735961204232,0.6216196344898459,0.004985994050150709
366,36,1,0.08841833297870197,0.08381925641139552,0.0895288874518466,0.08279647628963563,2.8440099638008217e-05,-1.112215778563748e-05,-0.0067324111622109745,0.9248018002476349,0.0050096793718481325
383,77,3,0.20679404874567192,0.20085919842405403,0.21067431080156304,0.1978524841651713,0.0002915273129068197,-2.4420802939888704e-05,-0.012821826636391753,0.9391391072427961,0.005068297668587434
125,44,0,0.22437767972551548,0.2173422406403618,0.22622223172471828,0.21523709299344312,0.0001973603983641614,-1.6848357944627706e-05,-0.010985138731275157,0.9514409408503998,0.005068956564370075
68,55,3,0.10051999220453119,0.12991591973661076,0.10142402753116757,0.1290290769651744,9.41998842460105e-05,-2.2120489060947848e-07,0.027605049434006837,1.272174652357636,0.005080538701247651
357,94,2,0.2119253955928535,0.25375149328977264,0.21432348871137463,0.2514095978847727,0.0002620797779225846,1.1474808669041641e-06,0.03708610917339805,1.1730380062231127,0.005108581812182821
183,74,3,0.20069753571483054,0.16814034227084448,0.1988633328765807,0.16961020724456638,-0.00040032567700378185,-1.0439511950837212e-05,-0.02925312563201432,0.8528983437576725,0.005124882338032417
389,84,4,0.220033992889131,0.23523987698252075,0.22141684584242557,0.2338781887705288,-5.688871823626177e-05,-8.954588655654717e-06,0.01246134292810322,1.0562800128449645,0.0051462178831955824
319,57,4,0.0943618887964617,0.0815705804396361,0.09544262062423252,0.08070978533717905,7.61234169364695e-05,-7.503144612802155e-06,-0.014732835287053464,0.8456367271697394,0.0051518328795499176
370,5,0,0.3358660469277371,0.31914784527687956,0.33834413792121387,0.3172029740579559,0.0001269671257917515,-2.0563629543894208e-05,-0.021141163863257983,0.9375157968063248,0.0051553760684874385
38,24,3,0.24292399245559906,0.23954918252877988,0.24395427325768584,0.23897757310475917,-4.812210340496701e-05,-7.249435469980009e-06,-0.004976700152926672,0.9795998648170027,0.005187522573914137
145,70,0,0.3084544132562782,0.26225732359423265,0.30955396472628866,0.26185324259292037,7.414743771386123e-05,-1.4003078829498569e-05,-0.04770072213336829,0.845904987275657,0.005200004931202431
320,1,0,0.1595521683567281,0.1636293264854068,0.16186686345164478,0.16188936312967017,0.0002175071011452932,-5.188372473421172e-06,2.2499678025394987e-05,1.0001390011367715,0.005202563493226584
428,27,3,0.20031545481110655,0.19116896165667405,0.20244644732715633,0.18945191451417748,0.0003071149445029303,-1.3608335139384037e-06,-0.012994532812978854,0.9358124927132976,0.005251615833013343
191,11,1,0.2677154112861604,0.15446346375807288,0.264252067264658,0.15843815929251506,-0.0006852438089742043,-3.889929619956632e-05,-0.10581390797214293,0.5995720712142377,0.0052595557711766485
427,27,2,0.23332795511932033,0.21102848182274772,0.23307935240380834,0.21098967298397817,1.6634941084525558e-05,-2.313280454504546e-06,-0.02208967941983017,0.9052267856761506,0.005260286476871356
397,12,2,0.3528043621150889,0.16647759610608412,0.3483748840561499,0.17076507867610913,-0.0006750700598816859,-5.694605303044395e-05,-0.17760980538004079,0.4901762052645155,0.005285003756775661
188,25,3,0.46069591796760073,0.3805578462079825,0.4592534853175957,0.3827234212330326,-0.0004804411633746615,-3.1818677871575935e-05,-0.07653006408456309,0.8333598621866987,0.005315370946192213
26,86,1,0.1907403990685065,0.1453553989809882,0.1925125593900414,0.14326283610429216,0.0005854973877579919,-2.3756676240537503e-05,-0.049249723285749225,0.7441739726395383,0.005333786115108141
442,42,2,0.31554035879066344,0.2410985191028912,0.32149372933465564,0.2364640021807583,0.0007492067514643659,-3.8253796115756524e-05,-0.08502972715389734,0.735516685411346,0.005338317804490797
28,86,3,0.2753415910117758,0.18911329940742916,0.27270868459531017,0.1913722463341588,-0.000475770807701552,-4.0259840245432255e-05,-0.08133643826115136,0.7017460651029442,0.005360287028717584
229,8,4,0.3683383177211332,0.28353489175669105,0.36891013140540896,0.28340073050044146,-8.65915577045121e-06,-4.3282936687182066e-05,-0.0855094009049675,0.768210754800339,0.005367457052020776
261,18,1,0.4466522586670362,0.31977852830582426,0.4481802003779683,0.32026714130900935,-0.00020705240161100728,-5.6266928747584975e-05,-0.12791305906895895,0.7145945783390593,0.005372542001713086
404,52,4,0.5156730932396094,0.4224790366162374,0.5190467540777984,0.4203402506931678,5.808779564915614e-05,-5.0415797572138966e-05,-0.0987065033846306,0.8098311903327388,0.00539234071806819
210,9,0,0.40471154036835716,0.2469755009764264,0.4016876492703812,0.24942189589076583,-0.000333205439364488,-5.483748013201977e-05,-0.15226575337961537,0.620934938736134,0.00539803916998346
464,62,4,0.3930496652220138,0.28986677680065726,0.3909976162804104,0.2904801972524291,-0.00037718122864857173,-7.302527111435853e-05,-0.10051741902798134,0.7429206346979528,0.005409177678095925
90,20,0,0.16512047023087675,0.14699963274639674,0.16627652608251295,0.14556430281647545,0.000199068229446866,-1.8569196003629313e-05,-0.0207122232660375,0.8754350734044126,0.005454750640690218
46,41,1,0.2922287819582003,0.251098174433465,0.29328508183283936,0.2514337710487511,-0.0002285693022810312,-3.200787110635954e-05,-0.04185131078408827,0.8573016038778889,0.0054672029106386825
95,71,0,0.4280984284737047,0.34631212614395374,0.42829705676664853,0.34543272729908336,1.949205445127379e-05,-5.882063583653054e-05,-0.08286432946756517,0.806526035707239,0.00548300083377032
24,7,4,0.07533613831813944,0.07298210820924901,0.0744625040403355,0.07366910144080469,-0.0002290990768864532,-1.4927416627393425e-06,-0.0007934025995308125,0.9893449379690342,0.00548638036291752
11,65,1,0.38266108185420206,0.3013940818536508,0.3815716635791844,0.30255206776207816,-9.80274507467351e-05,-3.591790905848056e-05,-0.07901959581710621,0.7929102096421582,0.0054979225508266765
76,45,1,0.25631479898559795,0.26194661709958994,0.25778186979917644,0.26059491964644627,-2.1872563558984113e-05,-1.9294394125261915e-05,0.0028130498472698218,1.0109125201452736,0.005531157383463742
451,91,1,0.19061941747252614,0.1796082152677217,0.19318627126613072,0.17748710471163517,0.0001989376917239934,-2.7856174935202587e-05,-0.015699166554495547,0.9187355993176731,0.005549169294114229
339,73,4,0.21242288216108154,0.18675643321538987,0.2106718243840743,0.18804251141680706,-0.0002969503170796647,-1.0414416491525777e-05,-0.02262931296726725,0.8925850049790621,0.005551197659510697
328,16,3,0.19344142238690618,0.12361991361710707,0.19112410394589965,0.12662602626373737,-0.0005929483733006973,-1.2229591238088225e-05,-0.06449807768216229,0.6625330015913672,0.005570529743023157
494,23,4,0.31902306856367635,0.3087348823387168,0.31942136720830333,0.30842351171393745,-5.652979754812663e-05,-7.733096574811647e-06,-0.010997855494365882,0.9655694433015376,0.0055709995616143515
12,65,2,0.2267395001412695,0.18239002651816402,0.2279172458207368,0.18172424394787925,0.00013649872393123642,-1.805258660063751e-05,-0.04619300187285755,0.7973255524981658,0.005595441020546973
196,40,1,0.28930295147566853,0.1710451103734276,0.2894269317586787,0.17213818417489526,-0.00019618880245544554,-4.236178914482259e-05,-0.11728874758378341,0.5947552397038932,0.005601113561642131
413,66,3,0.34069361837546347,0.2795816951700886,0.34445383811798264,0.27668654132488074,0.0003790310495953455,-5.166842665720477e-05,-0.0677672967931019,0.8032616005576626,0.005606278209627401
305,32,0,0.3695853805648598,0.3753874953786376,0.3699119459474603,0.37495576776330986,-8.447001835776017e-05,-3.2725132127126182e-06,0.0050438218158495585,1.0136351958110754,0.005609687307842053
227,8,2,0.17089331293596416,0.12188333780023021,0.17000516106644686,0.12340138634029257,-0.00040538528011648575,-1.3763960206878964e-05,-0.04660377472615429,0.7258684710875388,0.005611286447825393
342,22,2,0.22489677445643924,0.20969299557391452,0.226045898550713,0.2084588448513499,0.00016993608902214486,-1.0099575348639937e-05,-0.017587053699363087,0.9221969794093943,0.0056258862750082845
406,95,1,0.2288296040059019,0.23864810446235554,0.2311840901101525,0.23696305106754845,0.00016789009203452997,-5.600619290615661e-06,0.00577896095739594,1.0249972260402627,0.005626642975775536
180,74,0,0.28252920725992375,0.23002995835766776,0.2827497985603003,0.2300608427870544,-4.923183668372783e-05,-1.7452116011080074e-05,-0.052688955773245894,0.8136551960725473,0.005627014228579083
295,29,0,0.3059407481306311,0.32429866718095385,0.308501581541847,0.322480843922804,-2.1715432153725834e-05,-2.3897051049335818e-05,0.013979262380957036,1.0453134220936264,0.005660719809968895
158,35,3,0.23568582298888138,0.19404393145037122,0.23762760338804748,0.191989803936272,0.00030611004188032035,-2.8799526254026782e-05,-0.045637799451775485,0.8079440317493392,0.00566487377519591
178,87,3,0.2993026382031397,0.22500146778440647,0.29914593542025864,0.22458227646505527,0.00032534131375921093,-2.094410711335254e-05,-0.07456365895520337,0.7507448702237864,0.0056819401795565345
298,29,3,0.12174219352343171,0.13781711425417886,0.12478224674872461,0.13510902305438344,0.00036160743757923897,-7.1224930978245915e-06,0.010326776305658827,1.082758377691772,0.005742506266437981
471,0,1,0.29977046945195435,0.2537154494144541,0.2994904541368148,0.2538901901954693,9.341130872932764e-05,-9.134026404613873e-06,-0.045600263941345476,0.847740509550551,0.005749995994342115
263,18,3,0.18904211290772072,0.12531161507479832,0.18750174386210433,0.12649560809871893,-0.00019443573026782092,-2.1247864362055304e-05,-0.0610061357633854,0.6746369686660005,0.005758984912536669
274,48,4,0.3176765897946789,0.27043462285374625,0.319664469082541,0.26952018141165646,-0.0001309347279464682,-3.603279508062013e-05,-0.050144287670884524,0.8431346223282116,0.005763191481421491
307,32,2,0.14555916201649383,0.1522000045708527,0.14753394870227377,0.15070640414256778,0.00017197424748654217,-2.98890874005601e-06,0.003172455440294014,1.0215032232797896,0.005804239235815749
336,73,1,0.22877206603961936,0.20664241048567625,0.22995851957965593,0.2054395233931645,0.00017487092011279798,-8.651222324894072e-06,-0.02451899618649142,0.8933764392321276,0.0058209243292311925
35,24,0,0.13990301243129782,0.12456560031021366,0.14040503462104562,0.1250072910433012,-0.00020677588319087642,-7.3814862955991635e-06,-0.015397743577744427,0.8903333942454196,0.0058295088105751606
53,61,3,0.6349421115058805,0.3815513013978567,0.6384104206433888,0.38116294452972055,-8.095654185929576e-05,-0.00011905415071466056,-0.25724747611366827,0.5970500045183869,0.005832195477263573
314,63,4,0.22183091733031193,0.19241219187096806,0.2219402874422408,0.1912076782319739,0.00028231342007467884,-1.3721707473945876e-05,-0.03073260921026691,0.8615275776901705,0.005843649675419494
458,33,3,0.3760457821336162,0.3052572205372642,0.3782693911033423,0.30326336618508215,0.00018831333556767235,-3.3683947055273196e-05,-0.07500602491826014,0.8017126770435182,0.0058669254431500594
418,37,3,0.36429272924441186,0.292622160280321,0.36138011031879674,0.29460564681213647,-0.000290687747376367,-2.8172158823734052e-05,-0.06677446350666028,0.8152237447496649,0.005867964033182481
453,91,3,0.3286714147911074,0.27707305498939916,0.32650336182959505,0.27766312088577677,-0.00023891538564052505,-4.4942463865086144e-05,-0.04884024094381828,0.850414278523391,0.005872601883107062
79,45,4,0.2634220197476814,0.2573730949198591,0.2651712760464927,0.25611589327420103,3.340279354180038e-05,-1.6185633371078192e-05,-0.009055382772291676,0.965850815716918,0.005873760873484248
92,20,2,0.36572651530802963,0.29079423771900287,0.36417414555349187,0.2915511936365819,-0.00024606601112496073,-3.0046258770569344e-05,-0.07262295191690998,0.8005818018559949,0.005908032774768501
84,14,4,0.1836323970273789,0.17695502440462227,0.18477609612618076,0.17594036558153983,9.884771854836161e-05,-7.665699175417798e-06,-0.00883573054464093,0.9521814199461864,0.005940182277246584
234,38,4,0.35443469587261706,0.2551563676779529,0.3544670982588323,0.2544619731164306,0.00011864929890321919,-4.031652982904941e-05,-0.10000512514240173,0.7178719107256103,0.005942451280889372
153,50,3,0.2526458704862192,0.2573127219578402,0.25330629590323583,0.2563097421006987,9.73714809893823e-05,1.3905751121992972e-07,0.0030034461974628446,1.0118569741298897,0.006014442596819325
63,92,3,0.2755026004987087,0.1520965058778617,0.2691667925095299,0.15794373241568255,-0.0009858732080362,-2.980418699691732e-05,-0.11122306009384736,0.5867875860284307,0.006015427234567053
405,95,0,0.26101842398237535,0.24831663507348428,0.2604483963592604,0.24853279491568905,-0.00012407335218530863,-3.641786514497238e-06,-0.011915601443571372,0.9542496647699259,0.0060310424089021816
182,74,2,0.2892890837247984,0.2237593368939432,0.28968510032946215,0.223670568299856,0.00010792460600911116,-1.9900485268806745e-05,-0.06601453202960617,0.7721162325762454,0.006078551277621426
390,43,0,0.29259790606781805,0.21840608021043217,0.2905295514432229,0.22179268007535635,-0.000810198269212903,-1.7691216139501947e-05,-0.06873687136786655,0.7634083313507627,0.006091191365305519
152,50,2,0.34652047744261305,0.34872695965212763,0.34863978404353296,0.34744552226727726,0.00013404709290872627,-5.0208743538662344e-06,-0.0011942617762557006,0.9965745109109333,0.006146069505075027
460,62,0,0.4214732776626223,0.29149986342649853,0.42385223290578344,0.2901142511787378,0.00014791406477104751,-7.959557355909606e-05,-0.13373798172704565,0.684470267361376,0.0061875879131719335
101,60,1,0.30436882459667347,0.23186593506544714,0.3046214416493182,0.23177077091762144,9.218119606405653e-06,-3.5868873535574126e-05,-0.07285067073169676,0.7608485130355241,0.006214973928319247
171,6,1,0.31920185168775456,0.21244542585457674,0.3205824509463545,0.21225378754094268,0.00012657637269506653,-3.3736247017737845e-05,-0.10832866340541183,0.6620879805316003,0.006216446146530313
360,67,0,0.29287730210640994,0.17003834813516927,0.2879242287276578,0.17472118955795488,-0.0006737293805646193,-2.8880943582411168e-05,-0.11320303916970295,0.6068304509490252,0.006241519738605151
73,3,3,0.16854845312476302,0.14672716095170743,0.17044239206962133,0.14526239193590026,0.00015016639343407525,-2.903882986752721e-05,-0.02518000013372107,0.8522667991925642,0.00624743833250382
414,66,4,0.12341474336435085,0.08582614434321359,0.12204750348628893,0.08681415486618035,-0.00014186064378960623,-1.6990610535036066e-05,-0.03523334862010857,0.7113144667963917,0.006251693627934717
423,4,3,0.1882572607293214,0.18099318818489776,0.19094588159138856,0.17865255598732813,0.0003080798366104099,-1.2763254526547164e-05,-0.012293325604060434,0.9356187967941234,0.006266180492662999
438,85,3,0.3369476135519296,0.2634530559538963,0.3391261439020605,0.2617246232514066,5.8944981993685894e-05,-4.773882420746594e-05,-0.07740152065065387,0.7717618589942525,0.006287552062679124
350,53,0,0.3889797684907776,0.2592692180193625,0.3861459270300203,0.26218181416258746,-0.00035513412545359847,-4.6170908674071995e-05,-0.12396411286743286,0.6789708133894277,0.006302708004982789
411,66,1,0.36089805524119517,0.25523710650879267,0.3593976234077484,0.25736567649921627,-0.0005752202195434701,-5.085027510215962e-05,-0.10203194690853212,0.7161028892147862,0.006329509547221499
120,2,0,0.3950158363929745,0.3233275356444995,0.3934596244663481,0.32395056638328745,-0.00027006180717565334,-5.406725424908389e-05,-0.06950905808306063,0.8233387779563501,0.006354627800853051
9,34,4,0.5170885834332644,0.3231357197040323,0.5141511332315282,0.32429867392176204,-0.000233703611160373,-0.00011885147310352595,-0.18985245930976613,0.6307458118072972,0.0063702118565236235
31,75,1,0.49771366576469817,0.3915678759978442,0.49521204376291617,0.39435575121393823,-0.0006067498028650269,-6.495425031244673e-05,-0.10085629254897793,0.7963371573465545,0.006391492648686921
128,44,3,0.4190297526008843,0.32375540911295836,0.4170239996232376,0.32588811373855364,-0.0003982458146669303,-3.558792285700602e-05,-0.09113588588468396,0.781461292474723,0.006404569987909254
421,4,1,0.11591212259185542,0.09965235491011773,0.11531872860321955,0.10035182191207825,-0.0001902001896882195,-7.815765684937138e-06,-0.014966906691141299,0.870212697690777,0.006413352657312118
67,55,2,0.14892660175188427,0.15919283843777193,0.149534970465979,0.15874155646673355,2.2908216382971204e-05,1.6339757890727217e-06,0.009206586000754552,1.0615681132785535,0.006413700440083895
289,68,4,0.40719955495637994,0.24305093137029643,0.4068267503600149,0.24389526838228967,-6.370383045179499e-05,-7.789481705100096e-05,-0.16293148197772525,0.5995064684572939,0.006418387488107883
249,28,4,0.17094446423401763,0.15670955094296787,0.17087925188804604,0.15698760539033968,-0.00010486509257629588,-3.9525018585633e-06,-0.013891646497706356,0.9187048963275678,0.006468932513464079
106,31,1,0.4609387236619174,0.35597446366009877,0.46054436202060506,0.35610195555135504,9.20607277956227e-05,-6.0146801308360434e-05,-0.10444240646925002,0.7732196611613775,0.006477819773927585
344,22,4,0.3101996247247155,0.24124404857443177,0.3072294538289059,0.24461256733762418,-0.0006880766593382086,-2.0354495818545538e-05,-0.06261688649128169,0.7961885303934673,0.0065290027756495705
221,89,1,0.26384137782343875,0.2699257044879375,0.26447894203890526,0.26979801498951084,-0.00022193193100666027,-5.262201535067014e-06,0.0053190729506055745,1.0201115178002456,0.006538235187024955
381,77,1,0.37263375383891956,0.27645796124158134,0.37044481160296955,0.2778493396735561,-0.0001751447629401342,-4.7796354658119585e-05,-0.09259547192941348,0.7500424650874737,0.006542638168271694
434,76,4,0.1408413872417271,0.12931417934427616,0.14171242809478496,0.12882546301143952,2.9558545876996824e-05,-4.974079022942955e-06,-0.012886965083345442,0.9090625624258873,0.006584060253540389
446,13,1,0.2994071444543553,0.214763008075602,0.30159126331414515,0.21358237342050126,0.00011615347917206911,-6.633250650923122e-05,-0.08800888989364389,0.70818488265699,0.006585846515798688
267,58,2,0.4962310505855466,0.3295220618725893,0.4953354502021077,0.33141771642727585,-0.000272116232526295,-6.648492530281318e-05,-0.16391773377483182,0.6690773218271582,0.00659473009223454
206,88,1,0.1738486870378267,0.12594774038635795,0.1720121538206298,0.12714697695018837,-0.00029669392983325526,-2.0231324699267338e-05,-0.04486517687044142,0.739174378821942,0.006646389624990329
278,19,3,0.5384934155618895,0.3522747117825298,0.5379006926692775,0.35323290022941806,-0.0001120108708106945,-0.00010356803792742281,-0.18466779243985948,0.6566879445284513,0.0066486262308171696
394,43,4,0.1720644007760634,0.13022407842195852,0.17277929741230938,0.12970885187762538,0.00022178148774195598,-1.314635353578614e-05,-0.043070445534684004,0.7507198710740011,0.006665282796365905
72,3,2,0.31644148735294575,0.25664339595882557,0.317172800188351,0.255792730191583,8.260490528747718e-05,-5.578844417270971e-05,-0.06138006999676798,0.8064775101764154,0.0066776967798287115
448,13,3,0.48179512909639993,0.32276452779098364,0.47808852315623107,0.3261729480997568,-0.0008086497796780514,-9.561970550151056e-05,-0.1519155750564743,0.6822438362386062,0.006719764769240552
113,93,3,0.403225424110531,0.219330214857933,0.3986346694651298,0.2240402525245337,-0.0006376294964018219,-4.540157796837925e-05,-0.17459441694059613,0.5620189855165906,0.006729594065843354
341,22,1,0.2724404656187693,0.21607602879729534,0.27195526233191886,0.2165270530188824,4.988689444444758e-05,-1.8387205941743353e-05,-0.055428209313036464,0.7961862960923813,0.006786628512521911
105,31,0,0.1757117421111179,0.1254416458106701,0.17399252385411274,0.12700082814592234,-0.0002831633343747352,-1.8337211272410446e-05,-0.046991695708190395,0.7299211789835783,0.006799265011645653
466,56,1,0.28025564321058477,0.1837692456713905,0.2801608259885367,0.18502259378136607,-0.0001746321721733218,-2.8653140272305214e-05,-0.09513823220717063,0.6604156492204825,0.006806654086972055
293,78,3,0.3714544686574627,0.1905694219567403,0.36487363602236456,0.19718489172522546,-0.0010172507539038353,-4.207462833160823e-05,-0.1676887442971391,0.5404196748080182,0.0068074026365852365
455,33,0,0.374536757493949,0.25381389398635945,0.3711211080372628,0.25768085062026486,-0.0006530258793836625,-2.529016316633187e-05,-0.11344025741699792,0.6943308937156767,0.006860846404901628
430,76,0,0.1931277647743982,0.17078785362570378,0.19294208091920897,0.1703963504303445,0.00015851275756782488,-3.741533589927735e-06,-0.022545730488864463,0.8831476763314008,0.006876008889129082
313,63,3,0.43022661034574305,0.3129798651898812,0.4268130425811065,0.31666826801819975,-0.0005470000419248602,-1.9803945304471334e-05,-0.11014477456290678,0.7419367180140093,0.006898354273247471
252,59,2,0.23321234743843344,0.1700529614336736,0.2379937706051715,0.16609198496357,0.0006710274280936127,-5.384150772772938e-05,-0.07190178564160149,0.6978837493991151,0.006911312987631299
270,48,0,0.4682787161603912,0.3398650916364788,0.4654960670595151,0.3421260529255875,-0.0002959644635695291,-5.098838073725887e-05,-0.12337001413392756,0.7349708775989415,0.006924459286793529
308,32,3,0.12585273574793263,0.10263100224119377,0.12392095946190164,0.10399437540923412,-0.0001200872598453481,-2.8513403232394905e-06,-0.01992658405266752,0.8391992432983562,0.006944420374836171
358,94,3,0.13450782361417757,0.12594402257311513,0.13562495668689203,0.12533948003107226,0.00011211285279756218,-3.5067979944862564e-06,-0.010285476655819775,0.9241623598850973,0.006951586303153473
56,30,1,0.5746993137214094,0.35215081194443276,0.5719129219543736,0.3545195144639423,-0.00038394294038931434,-0.00011265085341840969,-0.2173934074904313,0.6198837285446496,0.006958195853208894
349,80,4,0.2741419564883691,0.2316173999195092,0.2758672974449877,0.23101509992594513,-2.7701779926694894e-05,-2.1626611599711586e-05,-0.0448521975190426,0.8374138655271859,0.0069689593913183955
74,3,4,0.4308819441871098,0.33507901372156274,0.4320472356093428,0.3355898630881404,-0.0003100843121436414,-7.259462564992459e-05,-0.09645737252120234,0.7767434563372161,0.006973095971149873
126,44,1,0.19077411635721367,0.13918575288135757,0.1899241116672209,0.14024104387053996,-0.00013363594300984082,-1.4569199281309366e-05,-0.04968306779668094,0.738405685510147,0.006993940178034424
69,55,4,0.22568488336117026,0.22390343408923838,0.22578943242905464,0.22356150611543002,4.878748348012712e-05,-2.0283452322246534e-06,-0.0022279263136246175,0.9901327254794148,0.007006874936337082
116,54,1,0.3064049407720533,0.25644185257570257,0.3075612919745744,0.2558201623389584,7.345704026269282e-05,-2.421521025871067e-05,-0.051741129635616,0.8317696960386896,0.007024391438001068
491,23,1,0.13311046131976123,0.10666423343458634,0.1323046656746149,0.10725874652381714,-5.2947722117782284e-05,-4.466384159601852e-06,-0.025045919150797763,0.8106951177942979,0.007060715257178178
454,91,4,0.3696011950826913,0.2758096416473981,0.36875326186629664,0.2768891718193123,-5.255673468531101e-05,-4.7128905754533753e-05,-0.09186409004698437,0.7508792475975639,0.007065589677437334
493,23,3,0.20099449464493888,0.16162169923439684,0.20040175073645833,0.16243265550885588,1.3672126083078543e-05,-4.255149500138824e-06,-0.037969095227602445,0.8105351121531151,0.007065709358653338
489,72,4,0.1564569932143597,0.11735581444709178,0.15643907326400014,0.11751867992218935,7.009631024114111e-05,-1.1235355503167765e-05,-0.038920393341810786,0.751210535004063,0.007068127140816128
322,1,2,0.23964914369491902,0.18210134620257862,0.2385887689795594,0.183680850575773,-0.000221111509971726,-1.188291113813144e-05,-0.05490791840378642,0.7698637759076977,0.0071450067061784315
248,28,3,0.3215580464159087,0.2761664565957812,0.32050110869879317,0.2769634443346601,-7.43632978399539e-05,-1.1762181860186576e-05,-0.04353766436413309,0.8641575233830165,0.00714619450462381
167,97,2,0.3379969629664712,0.26891441041280467,0.33746387650651655,0.27000078606829564,-8.519415504234947e-05,-1.044468072843879e-05,-0.06746309043822091,0.8000879645649476,0.00717354848587686
245,28,0,0.3252741959554471,0.2835051528805377,0.3264052928727811,0.28322276164849414,0.00010889590120351663,-1.595273463094211e-05,-0.043182531224286946,0.8677027236775916,0.007182718107223399
49,41,4,0.25356677504806346,0.17428667093392836,0.2512981446354125,0.1761586389812007,-2.761100672046013e-05,-2.432486314101106e-05,-0.07513950565421179,0.7009945864772482,0.007183703215018704
202,98,2,0.2607493440542958,0.16362314787643026,0.2566295468841049,0.16680843808486426,-0.0002777854921339924,-1.5782476033198444e-05,-0.08982110879924063,0.6499970097371357,0.007184413149972839
154,50,4,0.11335375138063472,0.09858090975070866,0.11304471588484745,0.09890318123033834,-1.5495719480865783e-06,-1.9011554153011457e-06,-0.01414153465450911,0.8749031784120336,0.007239385943992875
486,72,1,0.34876355703530293,0.25319350100087074,0.34798615185735976,0.25393354246044425,4.018369803206135e-05,-2.1637912944151164e-05,-0.09405260939691551,0.729723125776948,0.007241473243933073
338,73,3,0.2549425212167477,0.1806999097163736,0.25116303352068586,0.18454729333034728,-0.000566843344850338,-8.241944446399477e-06,-0.06661574019033858,0.734770920479219,0.007241950703917567
224,89,4,0.09212988323834621,0.09532084317235516,0.09376825616457377,0.09367256309566266,0.0003017703034769222,-2.7427103632672952e-06,-9.569306891110685e-05,0.9989794726613753,0.007249091929844423
100,60,0,0.31404569988595993,0.20588003222549794,0.3109699417012705,0.2089470640188481,-0.0003448369572323828,-2.8174297317801884e-05,-0.10202287768242241,0.6719204527477146,0.007261788443847315
380,77,0,0.21748531414645383,0.1480167405612189,0.21556376770130023,0.1498403657317879,-0.0002369696905265221,-2.975471009321856e-05,-0.06572340196951232,0.6951092353303867,0.007279865375460634
297,29,2,0.2809539567020064,0.23990098846121546,0.28017263548125837,0.24035590935679907,2.381438726237993e-06,-1.7615785767243142e-05,-0.0398167261244593,0.8578850284358953,0.007363912648582922
207,88,2,0.5448122099172613,0.37491095619427894,0.5431496084533587,0.37717487610877937,-0.00022191720830937067,-5.662278156289947e-05,-0.16597473234457932,0.6944217030420047,0.0074072386044302186
123,2,3,0.3169609953076973,0.2330713993685397,0.3156963959345065,0.23427299777833838,-0.0001155916930775544,-4.037218099578148e-05,-0.08142339815616811,0.7420832191791635,0.0074122134425120235
157,35,2,0.41478851159390734,0.2572356590948466,0.4092320848366784,0.26249163506146367,-0.0007296482104220174,-3.749424965273939e-05,-0.14674044977521472,0.6414248657121355,0.007431842218378169
346,80,1,0.16743619987333064,0.13352289118163113,0.16757168462996574,0.13392516168511728,-0.0001294007369917875,-1.18286343626918e-05,-0.03364652294484846,0.7992111673332687,0.007441402196691441
479,17,4,0.45901299010577007,0.29432063662673114,0.4561470037629298,0.2974186044008421,-0.00029809236725113095,-5.163584316426933e-05,-0.1587283993620877,0.6520235843868821,0.007441439960852092
403,52,3,0.2850600395849766,0.16950697915362775,0.2796638514258216,0.1745392794421743,-0.0008181850532797852,-2.5255551965450388e-05,-0.10512457198364733,0.6241038251898254,0.0074432816026583064
369,36,4,0.49843704461217464,0.3285233944301352,0.49529646978122355,0.33275337177539194,-0.0006303778707848332,-4.991814994062239e-05,-0.1625430980058316,0.6718266575216492,0.007480290583605872
359,94,4,0.2644905325545598,0.22444250740815,0.2633378565453384,0.22568852771632894,-8.812187704571175e-05,-3.5607069507332862e-06,-0.03764932882900948,0.8570303209613637,0.007527656545902663
151,50,1,0.22334290267155846,0.18868651668508302,0.22206575366376946,0.1897697368138845,-5.101660647286889e-05,-4.487010822134412e-06,-0.03229601684988495,0.8545655225218362,0.007529412367497224
66,55,1,0.3305834907888781,0.31119859393438903,0.33061948827568133,0.3115377460738238,2.8740400249467046e-05,3.0610239157541014e-07,-0.019081742201857543,0.9422848837454295,0.00753688386718134
356,94,1,0.2605151006239303,0.2138267001930828,0.25760194526897706,0.21657519298676614,-0.00039235949614970043,-5.377559650999237e-06,-0.04102675228221092,0.8407358599743006,0.007546410437613651
23,7,3,0.32481015994709256,0.25299287861206066,0.32186199856430664,0.2560197986416362,-0.00021941293738204348,-8.421405647657567e-06,-0.06584219992267043,0.7954334459601777,0.007555609820265532
233,38,3,0.20643903482036874,0.12436044324515837,0.20624141331104826,0.12573044551831747,-3.3373914809864966e-05,-2.2039258266604107e-05,-0.08051096779273079,0.6096275403654934,0.007560541880873076
372,5,2,0.3041973746670292,0.2032952789310292,0.29993084343129583,0.20721057607275678,-0.00039492349753291053,-2.329931455999728e-05,-0.09272026735853905,0.6908611788711281,0.007562884444691714
348,80,3,0.33416004956994894,0.2529517700121695,0.33066123107176487,0.2556158980310179,-0.00026046620769583264,-2.4819753885122505e-05,-0.07504533304074695,0.7730446572236358,0.00756788211448473
78,45,3,0.2622838081844881,0.20992821905871836,0.2611540152295241,0.21039243842275204,7.762697601312105e-05,-1.8137337618492268e-05,-0.05076157680677204,0.8056258994825007,0.0075842276648625025
65,55,0,0.19428503189353616,0.17578921380198992,0.19263212104692543,0.17713013951801557,-0.0001946359931149095,3.0947194218487276e-07,-0.015501981528909858,0.9195254589698799,0.007599618697083884
304,90,4,0.2688055731949913,0.1908712207612807,0.2710710815748635,0.1898675935789031,0.00013732916300670929,-3.46801922259239e-05,-0.08120348799596039,0.7004347069256301,0.007612525627337614
432,76,2,0.33547728145085226,0.26894177532889335,0.3343220233886834,0.2708264482911881,-0.00011938024817572724,-5.352949932495998e-06,-0.06349557509749526,0.8100766008356105,0.007619808366978617
144,21,4,0.2118715074041231,0.13686193372979372,0.20858134568671835,0.13996094545717708,-0.0002930024605450956,-1.3916897082603968e-05,-0.06862040022954127,0.671013723669198,0.007626717190984182
75,45,0,0.15293329623510138,0.11663120267436186,0.15090135061864104,0.1181116166926472,-0.00019497407316533587,-1.0845645764104271e-05,-0.03278973392599384,0.7827074854428554,0.0076270540900783635
37,24,2,0.30405733041341054,0.22338606633601363,0.30250244537960286,0.22519058702224917,6.14604901130354e-05,-1.7319744373931514e-05,-0.07731185835735369,0.7444256747731842,0.00765306071431347
99,71,4,0.2412125296917601,0.1515741708578405,0.23945012461874707,0.15343024019924392,-9.879134571279258e-05,-2.9273494588585415e-05,-0.08601988441950315,0.6407607448254029,0.007655605210087997
240,79,0,0.5234678649376128,0.3110792585965655,0.5183404993888774,0.3169267235664583,-0.0006152321933893755,-4.666853464480177e-05,-0.2014137758224191,0.6114257403002744,0.007675963502721442
32,75,2,0.18224437753097197,0.12736426521149494,0.1810177481825574,0.12852258480531742,-4.5580724892000125e-05,-2.182665637041809e-05,-0.05249516337723997,0.7099999093774036,0.007677416163978258
239,69,4,0.46587393664781696,0.29718892770131033,0.45875122678749086,0.3038143968289254,-0.0009669847851299349,-4.808043890244056e-05,-0.15493682995856545,0.6622639441347207,0.00767952339258406
254,59,4,0.23220813549914088,0.14301109834062944,0.23112967790786676,0.14466480359517658,-0.00037234573656311985,-4.453013036123065e-05,-0.08646487431269018,0.6259031938461969,0.0076905937986977025
118,54,3,0.26053355276556134,0.20002810227301393,0.25958818117138377,0.201252110953209,-0.00018110602183946762,-1.8365888104742807e-05,-0.058336070218174774,0.7752745523508234,0.007696404220877839
3,51,3,0.4669986545790034,0.2960244458817398,0.4619066352465039,0.30139307955614025,-0.0006597055357824812,-5.408013177481391e-05,-0.16051355569036363,0.6524978351854526,0.00769929739052311
93,20,3,0.25194912256973334,0.16532367381494895,0.2503257734781099,0.16763578726686276,-0.00024335795656461187,-1.8856289027973003e-05,-0.08268998621124715,0.6696705055083827,0.007701289506427763
323,1,3,0.29171127754611054,0.20838817255370756,0.288664079851513,0.21117069505978173,-0.0002752985580793967,-1.560444200619139e-05,-0.07749338479173126,0.73154476015307,0.0077129358079581324
168,97,3,0.18767084657397765,0.1352907272965194,0.18563900042231418,0.13769376913780756,-0.00030762602167579015,-5.860177262659364e-06,-0.04794523128450662,0.7417286713705904,0.007745577907208165
407,95,2,0.16797902766583642,0.1342124591026873,0.16767522168814752,0.1349733414864863,6.422301367834326e-06,-5.012438244443634e-06,-0.03270188020166123,0.8049689162631187,0.0077469279761733945
223,89,3,0.32709910189522245,0.2965425288648461,0.32720848384946516,0.29697414331982447,-2.6571450439658676e-05,-6.392489844951429e-06,-0.03023434052964069,0.9075991546003122,0.00775487646689578
253,59,3,0.31845643626681214,0.18616590657313978,0.3138169822716146,0.19095633466768408,-0.0009790681227808537,-5.8963060481427305e-05,-0.1228606476039305,0.6084958605025643,0.007786063963282731
385,84,0,0.34474741706148326,0.26104406276553255,0.3432508158819555,0.26312905469215364,-0.0002844028277110174,-2.316727697148543e-05,-0.08012176118980185,0.7665795462599692,0.0077966240812625985
309,32,4,0.23460956549075124,0.18268779187546727,0.23232614376793406,0.18466767444009144,-0.00017346151079651687,-8.663515015033863e-06,-0.04765846932784262,0.7948639418926192,0.007806619889522799
80,14,0,0.1353651583716313,0.09781239017862536,0.13281149887665858,0.09989316557867647,-0.0002125800379756005,-4.7324791093500045e-06,-0.032918333297982105,0.7521424456736746,0.007814029773605827
82,14,2,0.22046260440114782,0.16618405611947412,0.21886761756741752,0.167877483507045,-1.46068929699367e-05,-9.411309028928832e-06,-0.050990134060372505,0.767027509016193,0.007816412596703664
115,54,0,0.24762110479244673,0.18280615574678918,0.24490739035641637,0.18512713035122694,-0.00036468874728495267,-1.740884600573277e-05,-0.059780260005189434,0.7559066718313785,0.00782221160398113
420,4,0,0.5045976061559945,0.38100705489357417,0.5010545118706777,0.3849459296405616,-0.0004859396066336709,-3.456097731220678e-05,-0.11610858223011611,0.7682715563290172,0.007831084903638836
316,57,1,0.2498984498147643,0.14571462698633975,0.24633111234340208,0.1491803269922465,-0.00024356558121975167,-1.9842250582251168e-05,-0.09715078535115557,0.6056089528158308,0.0078564521795642
222,89,2,0.2668096358658827,0.23373230135184017,0.264454716722008,0.23529250448094507,-0.00017434451885248745,-6.290786360882541e-06,-0.029162212241062913,0.8897270103459038,0.007885382278382052
42,10,2,0.34064520178056623,0.20319562987135556,0.3350871564535567,0.20890403576111766,-0.0007249461756450846,-3.5484963456714685e-05,-0.12618312069243903,0.6234319392365965,0.007908153320667887
436,85,1,0.35012239836783415,0.222924608427652,0.3472191092249575,0.2253669748760089,-0.00012005168263251156,-4.483654388630663e-05,-0.12185213434894862,0.6490627067705463,0.007916337240547008
440,42,0,0.2704461852015916,0.1333630436101694,0.2644715888614444,0.1394940631365614,-0.0008136571258774295,-2.320846915374485e-05,-0.12497752572488299,0.527444417516022,0.007923677684433965
386,84,1,0.26149367722468125,0.1992055961453868,0.25997721077120733,0.20016271613985318,6.720941464545854e-05,-1.7257430145704016e-05,-0.05981449463135416,0.7699240850614639,0.007923725512331063
301,90,1,0.488600876738345,0.3207572263640244,0.4857689632760163,0.3238593265748142,-0.0005262069256691931,-5.74822152074949e-05,-0.16190963670120212,0.6666941510439722,0.007936888822974346
408,95,3,0.17010137713479423,0.129581685673828,0.1679166590781963,0.13139740896086144,-0.00018434565417516533,-6.061133567140408e-06,-0.03651925011733487,0.7825156222270454,0.007955766238216668
299,29,4,0.25994349757506974,0.2014541504021046,0.25671040386621014,0.20418420617249847,-0.00030233423969167815,-1.669473906477351e-05,-0.05252619769371167,0.7953873434709458,0.007990891351886145
